Person,Total Gross,Number of Movies,Average,#1 Picture,Gross
Amy Adams,2402900000.0,30,80100000.0,Batman v Superman,330400000.0
Ben Affleck,2517800000.0,39,64599999.99999999,Batman v Superman,330400000.0
Casey Affleck,922800000.0,24,38400000.0,Interstellar,188000000.0
Dianna Agron,132199999.99999999,5,26400000.0,I Am Number Four,55100000.0
Jessica Alba,952300000.0,24,39700000.0,Fantastic Four (2005),154700000.0
Alan Alda,753000000.0,22,34200000.0,What Women Want,182800000.0
Mahershala Ali,1399700000.0,13,107700000.0,Mockingjay Part 1,337100000.0
Joan Allen,854500000.0,25,34200000.0,The Bourne Ultimatum,227500000.0
Tim Allen,1763000000.0,20,88100000.0,Toy Story 3,415000000.0
Woody Allen,461300000.0,27,17100000.0,Antz,90800000.0
Mathieu Amalric,300700000.0,13,23100000.0,Quantum of Solace,168400000.0
Gillian Anderson,180300000.0,15,12000000.0,X-Files,83900000.0
Julie Andrews,929000000.0,14,66400000.00000001,Despicable Me 3,264600000.00000003
Jennifer Aniston,1627100000.0,32,50800000.0,Bruce Almighty,242800000.0
Aziz Ansari,168600000.0,3,56200000.0,Epic,107500000.0
Christina Applegate,1117100000.0,21,53200000.0,Alvin and the Chipmunks 2,219600000.0
Tom Arnold,415900000.0,19,21900000.0,True Lies,146300000.0
Rosanna Arquette,396900000.0,21,18900000.0,Pulp Fiction,107900000.0
Gemma Arterton,517400000.0,14,37000000.0,Quantum of Solace,168400000.0
Kevin Bacon,1519200000.0,48,31700000.0,Apollo 13,173800000.0
Penn Badgley,134600000.0,6,22400000.0,Easy A,58400000.0
Alec Baldwin,2708000000.0,56,48400000.0,Mission: Impossible 6,220200000.0
Christian Bale,2293900000.0,39,58800000.0,The Dark Knight,535200000.00000006
Eric Bana,1068300000.0,17,62800000.0,Star Trek,257700000.0
Anne Bancroft,548000000.0,28,19600000.0,The Graduate,104900000.0
Antonio Banderas,2386400000.0,43,55500000.0,Shrek 2,441200000.0
Elizabeth Banks,3043100000.0,39,78000000.0,Catching Fire,424700000.0
Javier Bardem,725000000.0,19,38200000.0,Skyfall,304400000.0
Ben Barnes,287700000.0,5,57500000.0,The Chronicles of Narnia: Prince Caspian,141600000.0
Drew Barrymore,1614600000.0,36,44900000.0,E.T.,435100000.0
Justin Bartha,1134000000.0,12,94500000.0,The Hangover,277300000.0
Jay Baruchel,1234400000.0,19,65000000.0,How to Train Your Dragon,217600000.0
Kim Basinger,1185500000.0,36,32900000.0,Batman,251200000.0
Angela Bassett,1801400000.0,27,66700000.0,Black Panther,700100000.0
Jason Bateman,1961100000.0,32,61300000.0,Zootopia,341300000.0
Kathy Bates,2355800000.0,49,48100000.0,Titanic,659400000.0
Dave Bautista,1758600000.0,10,175900000.0,Avengers: Infinity War,678800000.0
Sean Bean,1641800000.0,32,51300000.0,Fellowship of the Ring,315500000.0
Warren Beatty,312200000.0,9,34700000.0,Dick Tracy,103700000.0
Kate Beckinsale,1046099999.9999999,26,40200000.0,Pearl Harbor,198500000.0
Ashley Bell,56200000.0,2,28100000.0,The Last Exorcism,41000000.0
Jamie Bell,573900000.0,20,28700000.0,King Kong,218100000.0
Kristen Bell,1035200000.0,19,54500000.0,Frozen,400700000.0
Lake Bell,365500000.0,10,36500000.0,It's Complicated,112700000.0
Maria Bello,988300000.0,30,32900000.0,Grown Ups,162000000.0
Monica Bellucci,1027900000.0000001,16,64200000.0,Passion of the Christ,370800000.0
Roberto Benigni,88900000.0,11,8100000.0,Life Is Beautiful,57600000.0
Annette Bening,1035800000.0,31,33400000.0,Captain Marvel,421500000.0
Melissa Benoist,50500000.0,2,25300000.0,The Longest Ride,37400000.0
Peter Berg,229800000.0,5,46000000.0,Collateral,101000000.0
Gael Garcia Bernal,317000000.0,24,13200000.0,Coco,209700000.0
Halle Berry,1988100000.0,32,62100000.0,X-Men: The Last Stand,234400000.0
Paul Bettany,2605800000.0,25,104200000.0,Avengers: Infinity War,678800000.0
Justin Bieber,79200000.0,2,39600000.0,Justin Bieber,73000000.0
Jessica Biel,773000000.0,25,30900000.0,I Now Pronounce You Chuck and Larry,120100000.0
Rachel Bilson,95300000.0,5,19100000.0,Jumper,80200000.0
Mike Binder,19100000.0,2,9500000.0,The Upside of Anger,18800000.0
Brad Bird,608600000.0,1,608600000.0,Incredibles 2,608600000.0
Jack Black,2091100000.0,27,77400000.0,Jumanji (2017),404600000.0
Lucas Black,730200000.0,12,60800000.0,Furious 7,353000000.0
Macon Blair,9400000.0,3,3100000.0,The Florida Project,5900000.0
Cate Blanchett,3487700000.0,45,77500000.0,Return of the King,377800000.0
Nikki Blonsky,118900000.0,3,39600000.0,Hairspray (2007),118900000.0
Orlando Bloom,2988400000.0,18,166000000.0,Dead Man's Chest,423300000.0
Emily Blunt,1470200000.0,29,50700000.0,A Quiet Place,188000000.0
Chadwick Boseman,2596100000.0,8,324500000.0,Black Panther,700100000.0
Kate Bosworth,529299999.99999994,19,27900000.0,Superman Returns,200100000.0
Sofia Boutella,426600000.0,6,71100000.0,Star Trek Beyond,158800000.0
John Boyega,1655000000.0,6,275800000.0,Star Wars: The Force Awakens,936700000.0
Luke Bracey,171000000.0,5,34200000.0,Hacksaw Ridge,67200000.0
Zach Braff,281700000.0,6,47000000.0,Oz The Great and Powerful,234900000.0
Kenneth Branagh,919200000.0,19,48400000.0,Harry Potter / Chamber of Secrets,262200000.0
Russell Brand,1187400000.0,10,118700000.0,Despicable Me 2,368100000.0
Marlon Brando,552800000.0,12,46100000.0,The Godfather,135000000.0
Benjamin Bratt,1053099999.9999999,21,50100000.0,Despicable Me 2,368100000.0
Ewen Bremner,1161800000.0,16,72600000.0,Wonder Woman,412600000.0
Abigail Breslin,1103900000.0,21,52600000.0,Signs,228000000.0
Jordana Brewster,1157800000.0,7,165400000.0,Furious 7,353000000.0
Chris 'Ludacris' Bridges,1513500000.0,14,108100000.0,Furious 7,353000000.0
Jeff Bridges,1804700000.0,54,33400000.0,Iron Man,318400000.0
Jim Broadbent,1156200000.0,47,24600000.0,Harry Potter 6,302100000.0
Matthew Broderick,1397000000.0,36,38800000.0,Lion King,422800000.0
Adam Brody,496000000.0,18,27600000.0,Mr. & Mrs. Smith,186300000.0
Adrien Brody,603400000.0,33,18300000.0,King Kong,218100000.0
Josh Brolin,3314700000.0,40,82900000.0,Avengers: Infinity War,678800000.0
Albert Brooks,1208300000.0,21,57500000.0,Finding Dory,486300000.0
Pierce Brosnan,1611000000.0,40,40300000.0,Mrs. Doubtfire,219200000.0
Chris Brown,269400000.0,6,44900000.0,Think Like a Man,91500000.0
Emily Browning,238900000.0,11,21700000.0,Lemony Snicket,118600000.0
Sandra Bullock,2602800000.0,36,72300000.0,Minions,336000000.0
Billy Burke,1766500000.0,16,110400000.0,The Twilight Saga: Eclipse,300500000.0
Edward Burns,370300000.0,13,28500000.0,Saving Private Ryan,216500000.0
Ty Burrell,444900000.0,10,44500000.0,The Incredible Hulk,134800000.0
Gerard Butler,1655400000.0,32,51700000.0,How to Train Your Dragon,217600000.0
Amanda Bynes,435600000.0,7,62200000.0,Robots,128199999.99999999
Rose Byrne,1641100000.0,28,58600000.0,Bridesmaids,169100000.0
Nicolas Cage,2408300000.0,58,41500000.0,National Treasure: Book of Secrets,220000000.0
Michael Caine,3440100000.0,61,56400000.0,The Dark Knight,535200000.00000006
Neve Campbell,501200000.0,13,38600000.0,Scream,103000000.0
Steve Carell,3054100000.0,32,95400000.0,Despicable Me 2,368100000.0
Jim Carrey,2545400000.0,28,90900000.0,The Grinch,260000000.0
Helena Bonham Carter,2966700000.0,38,78100000.0,Harry Potter / Deathly Hallows (P2),381200000.0
Dana Carvey,241600000.0,7,34500000.0,Wayne's World,121700000.0
Katie Cassidy,150400000.0,4,37600000.0,Nightmare on Elm Street,63100000.0
James Caviezel,748500000.0,22,34000000.0,Passion of the Christ,370800000.0
Henry Cavill,1317400000.0,12,109800000.0,Batman v Superman,330400000.0
Cedric the Entertainer,1512700000.0,29,52200000.0,Madagascar 3,216400000.0
John Cena,606300000.0,10,60600000.0,Bumblebee,127200000.0
Michael Cera,797500000.0,18,44300000.0,The LEGO Batman Movie,175800000.0
Jackie Chan,1738500000.0,33,52700000.0,Rush Hour 2,226200000.0
Jay Chandrasekhar,30700000.0,2,15300000.0,Super Troopers 2,30600000.0
Jessica Chastain,1190100000.0,21,56700000.0,The Martian,228400000.0
Don Cheadle,4208800000.0,36,116900000.0,Avengers: Infinity War,678800000.0
Cher,493700000.0,12,41100000.0,Mamma Mia 2,120600000.0
Morris Chestnut,648400000.0,15,43200000.0,Identity Thief,134500000.0
Jay Chou,105300000.0,2,52700000.0,The Green Hornet,98800000.0
Erika Christensen,203500000.0,11,18500000.0,Flightplan,89700000.0
Hayden Christensen,868700000.0,11,79000000.0,Revenge of the Sith,380300000.0
Jamie Chung,570900000.0,9,63400000.0,The Hangover Part II,254500000.0
Thomas Haden Church,1176200000.0,19,61900000.0,Spider-Man 3,336500000.0
Jemaine Clement,745100000.0,15,49700000.0,Moana,248800000.0
George Clooney,2078800000.0000002,34,61100000.0,Gravity,274100000.0
Glenn Close,1388300000.0,34,40800000.0,Guardians of the Galaxy,333200000.0
Sacha Baron Cohen,1345900000.0,12,112200000.0,Madagascar 3,216400000.0
Toni Collette,1016900000.0,40,25400000.0,Sixth Sense,293500000.0
Lily Collins,413100000.0,9,45900000.0,The Blind Side,256000000.0
Sean 'P. Diddy' Combs,126400000.0,4,31600000.0,Get Him to the Greek,61000000.0
Common,1421800000.0,25,56900000.0,Suicide Squad,325100000.0
Jennifer Connelly,1033000000.0,34,30400000.0,A Beautiful Mind,170700000.0
Sean Connery,1550600000.0,37,41900000.0,Indiana Jones and the Last Crusade,197200000.0
Steve Coogan,1996200000.0,29,68800000.0,Despicable Me 2,368100000.0
Sophie Cookson,276900000.0,3,92300000.0,Kingsman,128300000.00000001
Jennifer Coolidge,551600000.0,14,39400000.0,Legally Blonde,96500000.0
Bradley Cooper,4589900000.0,30,153000000.0,Avengers: Infinity War,678800000.0
Chris Cooper,1671000000.0,35,47700000.0,The Amazing Spider-Man 2,202900000.0
Dominic Cooper,684200000.0,20,34200000.0,Captain America,176700000.0
Sharlto Copley,573300000.0,10,57300000.0,Maleficent,241400000.0
Sofia Coppola,66700000.0,1,66700000.0,The Godfather Part III,66700000.0
John Corbett,591700000.0,13,45500000.0,My Big Fat Greek Wedding,241400000.0
Abbie Cornish,339500000.0,14,24200000.0,Limitless,79200000.0
Kevin Costner,2124800000.0000002,39,54500000.0,Man of Steel,291000000.0
Marion Cotillard,1183300000.0,20,59200000.0,The Dark Knight Rises,448100000.0
Jai Courtney,983100000.0,12,81900000.0,Suicide Squad,325100000.0
Brian Cox,1807100000.0,47,38400000.0,X2: X-Men United,214900000.0
Courteney Cox,579500000.0,14,41400000.0,Bedtime Stories,110100000.0
Tony Cox,546900000.0,10,54700000.0,Oz The Great and Powerful,234900000.0
Daniel Craig,1586500000.0,26,61000000.0,Skyfall,304400000.0
Bryan Cranston,1341600000.0,22,61000000.0,Madagascar 3,216400000.0
Chace Crawford,78400000.0,6,13100000.0,What to Expect When You're Expecting,41200000.0
Amanda Crew,177800000.0,8,22200000.0,The Haunting in Connecticut,55400000.0
Russell Crowe,1804500000.0,34,53100000.0,Man of Steel,291000000.0
Billy Crudup,968300000.0,27,35900000.0,Justice League,229000000.0
Tom Cruise,3997600000.0,40,99900000.0,War of the Worlds,234300000.0
Penelope Cruz,923100000.0,38,24300000.0,Pirates of the Caribbean 4,241100000.0
Billy Crystal,1358600000.0,19,71500000.0,"Monsters, Inc.",289900000.0
Ice Cube,1554000000.0,32,48600000.0,22 Jump Street,191700000.0
Macaulay Culkin,712800000.0,11,64800000.0,Home Alone,285800000.0
Rory Culkin,290200000.0,13,22300000.0,Signs,228000000.0
Benedict Cumberbatch,3371600000.0,21,160600000.0,Avengers: Infinity War,678800000.0
Kaley Cuoco,258399999.99999997,4,64599999.99999999,Hop,108100000.0
Jamie Lee Curtis,1223800000.0,35,35000000.0,Halloween (2018),159300000.0
John Cusack,1157700000.0,50,23200000.0,2012,166100000.0
Miley Cyrus,321900000.0,4,80500000.0,Bolt,114100000.0
Willem Dafoe,2091300000.0000002,59,35400000.0,Spider-Man,403700000.0
Matt Damon,3190000000.0,42,76000000.0,The Martian,228400000.0
Claire Danes,552900000.0,24,23000000.0,Terminator 3,150400000.0
Anthony Daniels,4040900000.0,9,449000000.0,Star Wars: The Force Awakens,936700000.0
Paul Dano,601600000.0,26,23100000.0,Cowboys & Aliens,100200000.0
Alexa Davalos,278700000.0,5,55700000.0,Clash of the Titans,163200000.0
Jack Davenport,1168000000.0,9,129800000.00000001,Dead Man's Chest,423300000.0
Viola Davis,1358300000.0,26,52200000.0,Suicide Squad,325100000.0
Rosario Dawson,1128100000.0,41,27500000.0,Men in Black II,190400000.0
Charlie Day,813800000.0,11,74000000.0,The LEGO Movie,257800000.0
Daniel Day-Lewis,544800000.0,16,34000000.0,Lincoln,182200000.0
Brian De Palma,165000.0,1,165000.0,De Palma,165000.0
Emilie de Ravin,64000000.0,4,16000000.0,The Hills Have Eyes,41800000.0
Elizabeth Debicki,782300000.0,8,97800000.0,Guardians of the Galaxy 2,389800000.0
Brooklyn Decker,209900000.0,5,42000000.0,Just Go With It,103000000.0
Ellen DeGeneres,912600000.0,6,152100000.0,Finding Dory,486300000.0
Dane DeHaan,346800000.0,11,31500000.0,The Amazing Spider-Man 2,202900000.0
Thomas Dekker,112400000.0,5,22500000.0,Nightmare on Elm Street,63100000.0
Benicio Del Toro,2297600000.0,34,67600000.0,Avengers: Infinity War,678800000.0
Cara Delevingne,401200000.0,6,66900000.00000001,Suicide Squad,325100000.0
Julie Delpy,80500000.0,16,5000000.0,American Werewolf in Paris,26600000.0
Judi Dench,1953500000.0,37,52800000.0,Skyfall,304400000.0
Robert DeNiro,3233700000.0,81,39900000.0,Meet the Fockers,279300000.0
Kat Dennings,672200000.0,11,61100000.0,Thor: The Dark World,206400000.0
Johnny Depp,3846800000.0,49,78500000.0,Dead Man's Chest,423300000.0
Eugenio Derbez,424100000.0,11,38600000.0,Beverly Hills Chihuahua,94500000.0
Zooey Deschanel,951700000.0,26,36600000.0,Elf,173800000.0
Adam DeVine,359400000.0,4,89800000.0,Pitch Perfect 2,184300000.0
Danny DeVito,2022300000.0,48,42100000.0,The Lorax,214000000.0
Jenna Dewan-Tatum,100500000.0,4,25100000.0,Step Up,65300000.0
Rosemarie DeWitt,164500000.0,15,11000000.0,The Odd Life of Timothy Green,51900000.0
Prabhu Dheva,892000.0,1,892000.0,ABCD (Any Body Can Dance) 2,892000.0
Cameron Diaz,3031700000.0,34,89200000.0,Shrek 2,441200000.0
Leonardo DiCaprio,2519000000.0,25,100800000.0,Titanic,659400000.0
Vin Diesel,3492800000.0,23,151900000.0,Avengers: Infinity War,678800000.0
Matt Dillon,856300000.0,42,20400000.0,Something About Mary,176500000.0
Snoop Dogg,284900000.0,9,31700000.0,Starsky and Hutch,88200000.0
Martin Donovan,186200000.0,21,8900000.0,Insomnia,67400000.0
Portia Doubleday,88600000.0,4,22200000.0,"Big Mommas: Like Father, Like Son",37900000.0
Michael Douglas,1993500000.0,37,53900000.0,Ant-Man and the Wasp,216600000.0
"Robert Downey, Jr.",5604900000.0,56,100100000.0,Avengers: Infinity War,678800000.0
Adam Driver,1693100000.0,12,141100000.0,Star Wars: The Force Awakens,936700000.0
David Duchovny,285600000.0,19,15000000.0,X-Files,83900000.0
Hilary Duff,402300000.0,10,40200000.0,Cheaper by the Dozen,138600000.0
Josh Duhamel,1507100000.0,15,100500000.0,Transformers 2,402100000.0
Clark Duke,466900000.0,10,46700000.0,The Croods,187200000.0
Michael Clarke Duncan,1201700000.0,21,57200000.0,Armageddon,201600000.0
Kirsten Dunst,1940700000.0,34,57100000.0,Spider-Man,403700000.0
Jay Duplass,8100000.0,3,2700000.0,Beatriz At Dinner,7100000.0
Mark Duplass,124200000.0,6,20700000.0,Tammy,84500000.0
Robert Duvall,1857400000.0,57,32600000.0,Deep Impact,140500000.0
Michael Ealy,658600000.0,14,47000000.0,Think Like a Man,91500000.0
Clint Eastwood,1814700000.0,47,38600000.0,Gran Torino,148100000.0
Aaron Eckhart,1450500000.0,31,46800000.0,The Dark Knight,535200000.00000006
Zac Efron,1210900000.0,22,55000000.0,The Lorax,214000000.0
Taron Egerton,549200000.0,8,68700000.0,Sing,270400000.0
Colin Egglesfield,39100000.0,2,19600000.0,Something Borrowed,39000000.0
Jesse Eisenberg,1222100000.0,28,43600000.0,Batman v Superman,330400000.0
Chiwetel Ejiofor,1170900000.0,21,55800000.0,Doctor Strange,232600000.0
Idris Elba,3688300000.0,32,115300000.0,Avengers: Infinity War,678800000.0
Ansel Elgort,616000000.0,8,77000000.0,Divergent,150900000.0
Sam Elliott,934100000.0,24,38900000.0,A Star is Born,215300000.0
Cary Elwes,1297800000.0,30,43300000.0,Twister,241700000.0
Mireille Enos,263300000.0,3,87800000.0,World War Z,202400000.0
Omar Epps,404800000.0,17,23800000.0,Scream 2,101400000.0
Chris Evans,3806000000.0,26,146400000.0,Avengers: Infinity War,678800000.0
Luke Evans,1509800000.0,14,107800000.0,Beauty and the Beast,504000000.0
Alice Eve,571500000.0,17,33600000.0,Star Trek Into Darkness,228800000.0
Dakota Fanning,1548500000.0,25,61900000.0,The Twilight Saga: Eclipse,300500000.0
Elle Fanning,687100000.0,21,32700000.000000004,Maleficent,241400000.0
Anna Faris,1566800000.0,23,68100000.0,Alvin and the Chipmunks 2,219600000.0
Chris Farley,129699999.99999999,6,21600000.0,Tommy Boy,32700000.000000004
Vera Farmiga,822000000.0,27,30400000.0,The Conjuring,137400000.0
Colin Farrell,1516400000.0,38,39900000.0,Fantastic Beasts and Where To Find Them,234000000.0
Michael Fassbender,1286400000.0,27,47600000.0,X-Men: Days of Future Past,233900000.0
Jon Favreau,1893300000.0,20,94700000.0,Iron Man 3,409000000.0
Rebecca Ferguson,818700000.0,9,91000000.0,Mission: Impossible 6,220200000.0
Shiloh Fernandez,102500000.0,7,14600000.0,Evil Dead (2013),54200000.0
Will Ferrell,2433300000.0,35,69500000.0,The LEGO Movie,257800000.0
America Ferrera,734500000.0,15,49000000.0,How to Train Your Dragon,217600000.0
Tina Fey,641500000.0,11,58300000.0,Megamind,148400000.0
Sally Field,2075600000.0,28,74100000.0,Forrest Gump,330300000.0
Ralph Fiennes,2935400000.0,39,75300000.0,Harry Potter / Deathly Hallows (P2),381200000.0
Jessica Brown Findlay,18400000.0,2,9200000.0,Winter's Tale,12600000.0
Colin Firth,1522200000.0,38,40100000.0,Mary Poppins Returns,172000000.0
Jenna Fischer,226200000.0,10,22600000.0,Blades of Glory,118600000.0
Laurence Fishburne,2732100000.0,41,66599999.99999999,Batman v Superman,330400000.0
Carrie Fisher,2890600000.0,19,152100000.0,Star Wars: The Force Awakens,936700000.0
Isla Fisher,1138300000.0,19,59900000.0,Wedding Crashers,209300000.0
Dan Fogler,749000000.0,13,57600000.0,Fantastic Beasts and Where To Find Them,234000000.0
Jane Fonda,531600000.0,11,48300000.0,On Golden Pond,119300000.0
Harrison Ford,4963800000.0,42,118200000.0,Star Wars: The Force Awakens,936700000.0
Will Forte,546000000.0,14,39000000.0,The LEGO Movie,257800000.0
Ben Foster,545000000.0,24,22700000.0,Lone Survivor,125100000.0
Jodie Foster,1058500000.0,27,39200000.0,Silence of the Lambs,130699999.99999999
Megan Fox,1098900000.0,10,109900000.0,Transformers 2,402100000.0
Jamie Foxx,2184800000.0,32,68300000.0,The Amazing Spider-Man 2,202900000.0
Claire Foy,100600000.0,6,16800000.0,First Man,44900000.0
Cecile de France,67400000.0,10,6700000.0,Hereafter,32700000.000000004
Dave Franco,941300000.0,12,78400000.0,The LEGO Movie,257800000.0
James Franco,2288900000.0,43,53200000.0,Spider-Man,403700000.0
Brendan Fraser,1105600000.0,29,38100000.0,Mummy Returns,202000000.0
Martin Freeman,2129800000.0000002,14,152100000.0,Black Panther,700100000.0
Morgan Freeman,4577400000.0,64,71500000.0,The Dark Knight,535200000.00000006
Anna Friel,169400000.0,11,15400000.0,Limitless,79200000.0
Nick Frost,466600000.0,13,35900000.0,Snow White and the Huntsman,155300000.0
Josh Gad,1487400000.0,15,99200000.0,Beauty and the Beast,504000000.0
Gal Gadot,1994000000.0,12,166200000.0,Wonder Woman,412600000.0
Zach Galifianakis,1659200000.0,22,75400000.0,The Hangover,277300000.0
Kyle Gallner,596000000.0,14,42600000.0,American Sniper,350100000.0
Vincent Gallo,5100000.0,8,635000.0,Buffalo '66,2400000.0
James Gandolfini,578200000.0,28,20600000.0,Crimson Tide,91400000.0
Romola Garai,134400000.0,11,12200000.0,Atonement,50900000.0
Andrew Garfield,663500000.0,13,51000000.0,The Amazing Spider-Man,262000000.0
James Garner,481500000.0,13,37000000.0,Maverick,101600000.0
Jennifer Garner,1122200000.0,26,43200000.0,Juno,143500000.0
Sarah Michelle Gellar,627800000.0,13,48300000.0,Scooby-Doo,153300000.0
Richard Gere,1413900000.0,44,32100000.0,Pretty Woman,178400000.0
Ricky Gervais,764600000.0,10,76500000.0,Night at the Museum,250900000.0
Greta Gerwig,188200000.0,18,10500000.0,No Strings Attached,70700000.0
Paul Giamatti,1905200000.0,47,40500000.0,The Hangover Part II,254500000.0
Mel Gibson,2217900000.0,35,63400000.0,Signs,228000000.0
Tyrese Gibson,2565900000.0,17,150900000.0,Transformers 2,402100000.0
Cam Gigandet,534100000.0,12,44500000.0,Twilight,192800000.0
Karen Gillan,2569400000.0,10,256899999.99999997,Avengers: Infinity War,678800000.0
Terry Gilliam,20200.0,1,20200.0,Absolutely Anything,20200.0
Brendan Gleeson,1879600000.0,46,40900000.0,Harry Potter / Goblet of Fire,290200000.0
Danny Glover,1615400000.0,46,35100000.0,2012,166100000.0
Donald Glover,1027400000.0000001,9,114200000.0,Spider-Man: Homecoming,334200000.0
Jeff Goldblum,2423100000.0,31,78200000.0,Jurassic World 2,417700000.0
Bobcat Goldthwait,1500.0,1,1500.0,Henchmen,1500.0
Selena Gomez,559600000.0,8,69900000.0,Hotel Transylvania 2,169700000.0
Matthew Goode,305900000.0,13,23500000.0,Watchmen,107500000.0
"Cuba Gooding, Jr.",1335000000.0,28,47700000.0,Pearl Harbor,198500000.0
John Goodman,2237400000.0,41,54600000.0,"Monsters, Inc.",289900000.0
Ginnifer Goodwin,657300000.0,9,73000000.0,Zootopia,341300000.0
Keith Gordon,91300000.0,1,91300000.0,Back to School,91300000.0
Zachary Gordon,165700000.0,3,55200000.0,Diary of a Wimpy Kid,64000000.0
Joseph Gordon-Levitt,1578600000.0,34,46400000.0,The Dark Knight Rises,448100000.0
Ryan Gosling,798900000.0,23,34700000.0,La La Land,151100000.0
Topher Grace,879300000.0,16,55000000.0,Spider-Man 3,336500000.0
Kelsey Grammer,684200000.0,12,57000000.0,Transformers 4,245400000.0
Hugh Grant,971400000.0,29,33500000.0,Notting Hill,116100000.0
Eva Green,685000000.0,13,52700000.0,Casino Royale,167400000.0
Seth Green,962800000.0,20,48100000.0,Goldmember,213300000.0
Ashley Greene,1368800000.0,11,124400000.0,The Twilight Saga: Eclipse,300500000.0
Clark Gregg,2031200000.0,17,119500000.0,The Avengers,623400000.0
Frank Grillo,1304500000.0,17,76700000.0,Captain America 3,408100000.0
Rupert Grint,2392000000.0,13,184000000.0,Harry Potter / Deathly Hallows (P2),381200000.0
Ioan Gruffudd,631300000.0,15,42100000.0,San Andreas,155200000.0
Christopher Guest,182800000.0,2,91400000.0,Night at the Museum II,177200000.0
Carla Gugino,1419100000.0,26,54600000.0,Night at the Museum,250900000.0
Ryan Guzman,85400000.0,4,21400000.0,The Boy Next Door,35400000.0
Jake Gyllenhaal,937300000.0,29,32299999.999999996,The Day After Tomorrow,186700000.0
Maggie Gyllenhaal,977300000.0,26,37600000.0,The Dark Knight,535200000.00000006
Lukas Haas,488200000.0,24,20300000.0,The Revenant,183600000.0
Tiffany Haddish,431700000.0,9,48000000.0,Girls Trip,115200000.0
Corey Haim,141100000.0,10,14100000.0,The Lost Boys,32200000.000000004
Jackie Earle Haley,725300000.0,17,42700000.0,Shutter Island,128000000.0
Rebecca Hall,735300000.0,20,36800000.0,Iron Man 3,409000000.0
Regina Hall,1128600000.0,21,53700000.0,Scary Movie,157000000.0
Mark Hamill,2797100000.0,13,215200000.0,Star Wars: The Force Awakens,936700000.0
Linda Hamilton,332300000.0,6,55400000.0,Terminator 2,205900000.0
Jon Hamm,868100000.0,17,51100000.0,Minions,336000000.0
Armie Hammer,585700000.0,15,39000000.0,Cars 3,152900000.0
Tom Hanks,4606800000.0,48,96000000.0,Toy Story 3,415000000.0
Tom Hardy,1678800000.0,20,83900000.0,The Dark Knight Rises,448100000.0
Woody Harrelson,3479300000.0,59,59000000.0,Catching Fire,424700000.0
Ed Harris,1793000000.0,51,35200000.0,National Treasure: Book of Secrets,220000000.0
Jamie Harris,314400000.0,7,44900000.0,Rise of the Planet of the Apes,176800000.0
Jared Harris,851500000.0,27,31500000.0,Sherlock Holmes 2,186800000.0
Naomie Harris,1664000000.0,19,87600000.0,Dead Man's Chest,423300000.0
Neil Patrick Harris,836000000.0,15,55700000.0,Gone Girl,167800000.0
Kevin Hart,2107800000.0000002,25,84300000.0,Jumanji (2017),404600000.0
Josh Hartnett,679100000.0,21,32299999.999999996,Pearl Harbor,198500000.0
Anne Hathaway,2568300000.0,28,91700000.0,The Dark Knight Rises,448100000.0
Rutger Hauer,295300000.0,29,10200000.0,Sin City,74100000.0
Ethan Hawke,839800000.0,52,16100000.000000002,Dead Poets Society,95900000.0
Sally Hawkins,447600000.0,18,24900000.0,Godzilla,200700000.0
Goldie Hawn,711200000.0,19,37400000.0,First Wives Club,105500000.0
Salma Hayek,1092800000.0,23,47500000.0,Grown Ups,162000000.0
Lena Headey,577300000.0,23,25100000.0,300,210600000.0
Amber Heard,854700000.0,18,47500000.0,Aquaman,335100000.0
Jon Heder,348200000.0,10,34800000.0,Blades of Glory,118600000.0
Garrett Hedlund,598200000.0,13,46000000.0,Tron Legacy,172100000.0
Katherine Heigl,785400000.0,18,43600000.0,Knocked Up,148800000.0
Ed Helms,1302300000.0,17,76600000.0,The Hangover,277300000.0
Chris Hemsworth,3725200000.0,20,186300000.0,Avengers: Infinity War,678800000.0
Liam Hemsworth,1792000000.0,11,162900000.0,Catching Fire,424700000.0
Lance Henriksen,548400000.0,24,22900000.0,Scream 3,89100000.0
Taraji P. Henson,1424500000.0,25,57000000.0,Wreck-It Ralph 2,201100000.0
Katharine Hepburn,194600000.0,5,38900000.0,On Golden Pond,119300000.0
Werner Herzog,80400000.0,4,20100000.0,Jack Reacher,80100000.0
Grant Heslov,67099999.99999999,1,67099999.99999999,Dante's Peak,67099999.99999999
Jennifer Love Hewitt,333600000.0,12,27800000.0,Garfield,75400000.0
Tom Hiddleston,2998300000.0,17,176400000.0,Avengers: Infinity War,678800000.0
Freddie Highmore,404700000.0,10,40500000.0,Charlie and the Chocolate Factory,206500000.0
Jonah Hill,2887300000.0,32,90200000.0,The LEGO Movie,257800000.0
Kristofer Hivju,304900000.0,5,61000000.0,Fate of the Furious,226000000.0
Dustin Hoffman,2522100000.0,43,58700000.0,Meet the Fockers,279300000.0
Philip Seymour Hoffman,2464300000.0,40,61600000.0,Catching Fire,424700000.0
Boyd Holbrook,335400000.0,6,55900000.0,Logan,226300000.0
Tom Holland,2138800000.0000002,9,237600000.0,Avengers: Infinity War,678800000.0
Ian Holm,1307600000.0,30,43600000.0,Return of the King,377800000.0
Katie Holmes,601500000.0,23,26200000.0,Batman Begins,206900000.0
Anthony Hopkins,2480800000.0,57,43500000.0,Thor: Ragnarok,315100000.0
Cody Horn,154900000.0,4,38700000.0,Magic Mike,113700000.0
Thomas Horn,31800000.0,1,31800000.0,Extremely Loud & Incredibly Close,31800000.0
Adam Horowitz,41900.0,1,41900.0,Golden Exits,41900.0
Julianne Hough,236800000.0,6,39500000.0,Safe Haven,71300000.0
Nicholas Hoult,887600000.0,14,63400000.0,X-Men: Days of Future Past,233900000.0
Djimon Hounsou,2240500000.0,23,97400000.0,Captain Marvel,421500000.0
Whitney Houston,264600000.00000003,5,52900000.0,Bodyguard,122000000.0
Bryce Dallas Howard,2009300000.0,12,167400000.0,Jurassic World,652300000.0
Ron Howard,139100000.0,4,34800000.0,American Graffiti,115000000.0
Terrence Howard,1399000000.0,34,41100000.0,Iron Man,318400000.0
Vanessa Hudgens,333500000.0,11,30300000.0,Journey 2,103900000.0
Kate Hudson,828100000.0,27,30700000.0,Kung Fu Panda 3,143500000.0
Bonnie Hunt,1741700000.0,19,91700000.0,Zootopia,341300000.0
Helen Hunt,1007100000.0,21,48000000.0,Twister,241700000.0
Holly Hunter,1738600000.0,30,58000000.0,Incredibles 2,608600000.0
Rosie Huntington-Whiteley,506400000.0,2,253200000.0,Transformers 3,352400000.0
William Hurt,2049500000.0,32,64000000.0,Avengers: Infinity War,678800000.0
Josh Hutcherson,2115800000.0000002,18,117500000.0,Catching Fire,424700000.0
Rhys Ifans,700200000.0,28,25000000.0,The Amazing Spider-Man,262000000.0
Dustin Ingram,104100000.0,2,52000000.0,Paranormal Activity 3,104000000.0
Jeremy Irons,1523000000.0,30,50800000.0,Lion King,422800000.0
Max Irons,98200000.0,5,19600000.0,Red Riding Hood,37700000.0
Oscar Isaac,2024800000.0,22,92000000.0,Star Wars: The Force Awakens,936700000.0
Tony Jaa,414900000.0,10,41500000.0,Furious 7,353000000.0
Hugh Jackman,2708000000.0,29,93400000.0,X-Men: The Last Stand,234400000.0
Brandon T. Jackson,407900000.0,8,51000000.0,Tropic Thunder,110500000.0
Quinton 'Rampage' Jackson,77300000.0,3,25800000.0,The A-Team,77200000.0
Samuel L. Jackson,6693000000.0,77,86900000.0,The Avengers,623400000.0
Kevin James,1557500000.0,14,111200000.0,Hitch,179500000.0
Theo James,440200000.0,6,73400000.0,Divergent,150900000.0
Thomas Jane,266000000.0,19,14000000.0,Deep Blue Sea,73600000.0
Allison Janney,1278100000.0,22,58100000.0,Minions,336000000.0
Famke Janssen,1428600000.0,31,46100000.0,X-Men: The Last Stand,234400000.0
Jim Jarmusch,1300000.0,1,1300000.0,Blue in the Face,1300000.0
Scarlett Johansson,5030300000.0,43,117000000.0,Avengers: Infinity War,678800000.0
Aaron Johnson,874300000.0,12,72900000.0,Avengers: Age of Ultron,459000000.0
Dakota Johnson,556500000.0,9,61800000.0,Fifty Shades of Grey,166200000.0
Dwayne Johnson,3404600000.0,30,113500000.0,Jumanji (2017),404600000.0
Jake Johnson,1001300000.0,10,100100000.0,Jurassic World,652300000.0
Angelina Jolie,2179500000.0,32,68100000.0,Maleficent,241400000.0
Nick Jonas,414300000.0,3,138100000.0,Jumanji (2017),404600000.0
Felicity Jones,647300000.0,15,43200000.0,Rogue One,532200000.00000006
January Jones,378100000.0,9,42000000.0,X-Men: First Class,146400000.0
Rashida Jones,628500000.0,12,52400000.0,The Grinch,270600000.0
Tommy Lee Jones,2699200000.0,48,56200000.0,Men in Black,250700000.0
Michael B. Jordan,1088400000.0,7,155500000.0,Black Panther,700100000.0
Seu Jorge,36100000.0,7,5200000.0,The Life Aquatic,24000000.0
Milla Jovovich,552900000.0,27,20500000.0,Fifth Element,63800000.0
Ashley Judd,1086200000.0,29,37500000.0,Divergent,150900000.0
Miranda July,4600000.0,3,1500000.0,Me and You and Everyone We Know,3900000.0
Mindy Kaling,711600000.0,5,142300000.0,Inside Out,356500000.0
Philip Kaufman,163200000.0,8,20400000.0,Rising Sun,63200000.0
Zoe Kazan,240100000.0,16,15000000.0,It's Complicated,112700000.0
Diane Keaton,1307800000.0,38,34400000.0,The Godfather,135000000.0
Michael Keaton,2620100000.0,39,67200000.0,Toy Story 3,415000000.0
Minka Kelly,38400000.0,2,19200000.0,The Roommate,37300000.0
Alex Kendrick,78200000.0,3,26100000.0,Courageous,34500000.0
Anna Kendrick,1123300000.0,24,46800000.0,Pitch Perfect 2,184300000.0
Irrfan Khan,1221500000.0,9,135700000.0,Jurassic World,652300000.0
Nicole Kidman,2182600000.0,52,42000000.0,Aquaman,335100000.0
Val Kilmer,1041300000.0,35,29800000.0,Batman Forever,184000000.0
Joey King,752800000.0,12,62700000.0,Oz The Great and Powerful,234900000.0
Ben Kingsley,2084500000.0,53,39300000.0,Iron Man 3,409000000.0
Greg Kinnear,1154500000.0,36,32100000.0,As Good as It Gets,148500000.0
Rory Kinnear,168500000.0,3,56200000.0,Quantum of Solace,168400000.0
Taylor Kitsch,606300000.0,10,60600000.0,X-Men Origins: Wolverine,179900000.0
Chris Klein,481600000.0,14,34400000.0,American Pie 2,145100000.0
Kevin Kline,1496000000.0,40,37400000.0,Beauty and the Beast,504000000.0
Keira Knightley,1626300000.0,28,58100000.0,Dead Man's Chest,423300000.0
Beyonce Knowles,613100000.0,7,87600000.0,Goldmember,213300000.0
Johnny Knoxville,936200000.0,18,52000000.0,Ninja Turtles,191200000.0
Boris Kodjoe,370800000.0,9,41200000.0,Ferdinand,84400000.0
John Krasinski,603300000.0,19,31800000.0,A Quiet Place,188000000.0
Peter Krause,155600000.0,4,38900000.0,Truman Show,125600000.0
Lenny Kravitz,996900000.0,4,249200000.0,Catching Fire,424700000.0
Lisa Kudrow,688400000.0,21,32799999.999999996,The Boss Baby,175000000.0
Mila Kunis,1249300000.0,20,62500000.0,Oz The Great and Powerful,234900000.0
Olga Kurylenko,404500000.0,15,27000000.0,Quantum of Solace,168400000.0
Ashton Kutcher,957400000.0,20,47900000.0,Cheaper by the Dozen,138600000.0
Shia LaBeouf,2129400000.0,22,96800000.0,Transformers 2,402100000.0
Diane Lane,2027800000.0,43,47200000.0,Inside Out,356500000.0
Jessica Lange,410900000.0,13,31600000.0,Tootsie,177200000.0
Frank Langella,679500000.0,32,21200000.0,Superman Returns,200100000.0
Larry the Cable Guy,617000000.0,7,88100000.0,Cars,244100000.0
Brie Larson,1575600000.0,11,143200000.0,Avengers: Endgame,644500000.0
Ali Larter,552700000.0,12,46100000.0,Legally Blonde,96500000.0
Sanaa Lathan,488800000.0,15,32600000.0,Alien Vs. Predator,80300000.0
Queen Latifah,2049900000.0,31,66099999.99999999,Ice Age 3,196600000.0
Melanie Laurent,263399999.99999997,8,32900000.0,Inglourious Basterds,120500000.0
Hugh Laurie,890300000.0,17,52400000.0,Monsters Vs. Aliens,198400000.0
Taylor Lautner,1482200000.0,8,185300000.0,The Twilight Saga: Eclipse,300500000.0
Jude Law,2252900000.0,43,52400000.0,Captain Marvel,421500000.0
Jennifer Lawrence,2533600000.0,20,126700000.0,Catching Fire,424700000.0
Martin Lawrence,1294500000.0,25,51800000.0,Wild Hogs,168300000.0
Sharon Leal,297300000.0,7,42500000.0,Dreamgirls,103400000.0
Matt LeBlanc,73600000.0,3,24500000.0,Lost in Space,69100000.0
Heath Ledger,955900000.0,15,63700000.0,The Dark Knight,535200000.00000006
Christopher Lee,1666400000.0,8,208300000.0,Revenge of the Sith,380300000.0
John Leguizamo,1982000000.0,53,37400000.0,Ice Age 3,196600000.0
Melissa Leo,880300000.0,32,27500000.0,The Equalizer 2,102100000.0
Tea Leoni,730200000.0,13,56200000.0,Jurassic Park III,181200000.0
Logan Lerman,510000000.0,15,34000000.0,Noah,101200000.0
Jared Leto,631100000.0,12,52600000.0,Suicide Squad,325100000.0
Tracy Letts,138300000.0,7,19800000.0,The Post,81900000.0
Zachary Levi,832800000.0,7,119000000.0,Alvin and the Chipmunks 2,219600000.0
Jet Li,822200000.0,18,45700000.0,Lethal Weapon 4,130400000.0
Matthew Lillard,716700000.0,25,28700000.0,Scooby-Doo,153300000.0
Evangeline Lilly,1640300000.0,6,273400000.0,Avengers: Endgame,644500000.0
Laura Linney,979300000.0,37,26500000.0,Truman Show,125600000.0
Lucy Liu,1038300000.0,18,57700000.0,Kung Fu Panda,215400000.0
Blake Lively,538600000.0,12,44900000.0,Green Lantern,116600000.0
Ron Livingston,485800000.0,28,17300000.0,The Conjuring,137400000.0
Lindsay Lohan,492400000.0,15,32799999.999999996,Freaky Friday,110200000.0
Justin Long,1541000000.0,35,44000000.0,Alvin and the Chipmunks 2,219600000.0
Nia Long,796500000.0,22,36200000.0,Big Momma's House,117600000.0
Jennifer Lopez,1293700000.0,28,46200000.0,Home,177400000.0
Rob Lowe,703600000.0,25,28100000.0,The Spy Who Shagged Me,206000000.0
Jessica Lucas,229300000.0,5,45900000.0,Cloverfield,80000000.0
Josh Lucas,791100000.0,24,33000000.0,A Beautiful Mind,170700000.0
Derek Luke,582800000.0,17,34300000.0,Captain America,176700000.0
Diego Luna,901900000.0,16,56400000.0,Rogue One,532200000.00000006
Kellan Lutz,1537400000.0,17,90400000.0,The Twilight Saga: Eclipse,300500000.0
David Lynch,956000.0,1,956000.0,Lucky (2017),956000.0
Bernie Mac,989600000.0,14,70700000.0,Ocean's Eleven,183400000.0
Seth MacFarlane,777600000.0,7,111100000.0,Sing,270400000.0
Anthony Mackie,3237300000.0,37,87500000.0,Avengers: Infinity War,678800000.0
William H. Macy,1246200000.0,39,32000000.0,Jurassic Park III,181200000.0
Madonna,349300000.0,14,24900000.0,League of Their Own,107500000.0
Virginia Madsen,476000000.0,31,15400000.0,Sideways,71500000.0
Tobey Maguire,1537500000.0,14,109800000.0,Spider-Man,403700000.0
John Malkovich,1585700000.0,51,31100000.0,Transformers 3,352400000.0
Jena Malone,1321500000.0,24,55100000.0,Catching Fire,424700000.0
Leslie Mann,1545800000.0,27,57300000.0,Big Daddy,163500000.0
Thomas Mann,307400000.0,7,43900000.0,Kong: Skull Island,168100000.0
Kate Mara,468200000.0,15,31200000.0,The Martian,228400000.0
Rooney Mara,487300000.0,21,23200000.0,Girl with the Dragon Tattoo,102500000.0
Brit Marling,17500000.0,8,2200000.0,Arbitrage,7900000.0
James Marsden,1845400000.0,35,52700000.0,X-Men: The Last Stand,234400000.0
Garry Marshall,67200000.0,1,67200000.0,Race to Witch Mountain,67200000.0
Demetri Martin,17600000.0,4,4400000.0,Taking Woodstock,7500000.0
Steve Martin,1786000000.0,37,48300000.0,Home,177400000.0
Peter Mayhew,1997400000.0,4,499400000.0,Star Wars: The Force Awakens,936700000.0
Rachel McAdams,1697400000.0,26,65300000.0,Doctor Strange,232600000.0
Callan McAuliffe,56900000.0,3,19000000.0,I Am Number Four,55100000.0
James McAvoy,1578000000.0,25,63100000.0,The Chronicles of Narnia,291700000.0
Danny McBride,809700000.0,18,45000000.0,Tropic Thunder,110500000.0
Melissa McCarthy,1194200000.0,16,74600000.0,Bridesmaids,169100000.0
Matthew McConaughey,1962000000.0,41,47900000.0,Sing,270400000.0
Ian McDiarmid,1474800000.0,4,368700000.0,The Phantom Menace,474500000.0
Frances McDormand,1448000000.0,37,39100000.0,Transformers 3,352400000.0
Ewan McGregor,2692800000.0,49,55000000.0,Beauty and the Beast,504000000.0
Ian McKellen,3654400000.0,32,114200000.0,Beauty and the Beast,504000000.0
Katherine McPhee,67099999.99999999,2,33600000.0,The House Bunny,48200000.0
Leighton Meester,264000000.0,10,26400000.0,Date Night,98700000.0
Carlos Mencia,57000000.0,2,28500000.0,The Heartbreak Kid,36800000.0
Ben Mendelsohn,1992300000.0,28,71200000.0,Rogue One,532200000.00000006
Eva Mendes,873400000.0,19,46000000.0,Hitch,179500000.0
Scott Mescudi,43700000.0,3,14600000.0,Need for Speed,43600000.0
Chris Messina,221200000.0,18,12300000.0,Julie & Julia,94100000.0
Chrissy Metz,34000000.0,1,34000000.0,Breakthrough,34000000.0
Breckin Meyer,433600000.0,12,36100000.0,Garfield,75400000.0
Jonathan Rhys Meyers,336000000.0,18,18700000.0,Mission: Impossible III,134000000.0
Alyson Michalka,100900000.0,3,33600000.0,Easy A,58400000.0
Bette Midler,754600000.0,21,35900000.0,First Wives Club,105500000.0
Mads Mikkelsen,1176500000.0,17,69200000.0,Rogue One,532200000.00000006
Ezra Miller,759700000.0,12,63300000.0,Fantastic Beasts and Where To Find Them,234000000.0
Nicki Minaj,137900000.0,2,69000000.0,The Other Woman,83900000.0
Christopher Mintz-Plasse,1278800000.0,14,91300000.0,How to Train Your Dragon,217600000.0
Helen Mirren,1630000000.0,49,33299999.999999996,Monsters University,268500000.0
John Cameron Mitchell,9300000.0,3,3100000.0,Band of the Hand,4900000.0
Radha Mitchell,600000000.0,24,25000000.0,Olympus Has Fallen,98900000.0
Alfred Molina,1173800000.0,43,27300000.0,Spider-Man 2,373600000.0
Jason Momoa,595100000.0,6,99200000.0,Aquaman,335100000.0
Michelle Monaghan,939500000.0,21,44700000.0,Mission: Impossible 6,220200000.0
Demi Moore,1025300000.0,32,32000000.0,Ghost,217600000.0
Joel David Moore,915100000.0,14,65400000.00000001,Avatar,760500000.0
Julianne Moore,2086600000.0,60,34800000.0,Mockingjay Part 1,337100000.0
Mandy Moore,478500000.0,14,34200000.0,Tangled,200800000.0
Michael Moore,149000.0,1,149000.0,Michael Moore In TrumpLand,149000.0
Roger Moore,587800000.0,15,39200000.0,The Cannonball Run,72200000.0
Chloe Moretz,800600000.0,23,34800000.0,The Equalizer,101500000.0
Jeffrey Dean Morgan,289600000.0,14,20700000.0,Watchmen,107500000.0
Tracy Morgan,583700000.0,15,38900000.0,Rio 2,131500000.0
Viggo Mortensen,1615300000.0,30,53800000.0,Return of the King,377800000.0
Carrie-Anne Moss,872500000.0,17,51300000.0,The Matrix Reloaded,281600000.0
Elisabeth Moss,310100000.0,20,15500000.0,Us,174100000.0
Bridget Moynahan,696600000.0,13,53600000.0,"I, Robot",144800000.0
Carey Mulligan,321000000.0,12,26800000.0,The Great Gatsby,144800000.0
Frankie Muniz,233000000.0,7,33299999.999999996,Racing Stripes,49800000.0
Brittany Murphy,706900000.0,16,44200000.0,Happy Feet,198000000.0
Cillian Murphy,902200000.0,19,47500000.0,Inception,292600000.0
Eddie Murphy,3811100000.0,39,97700000.0,Shrek 2,441200000.0
Bill Murray,2086500000.0,44,47400000.0,The Jungle Book,364000000.0
Mike Myers,2427800000.0,16,151700000.0,Shrek 2,441200000.0
Kumail Nanjiani,536700000.00000006,13,41300000.0,Central Intelligence,127400000.0
Naturi Naughton,47200000.0,2,23600000.0,Lottery Ticket,24700000.0
Liam Neeson,3067200000.0,69,44500000.0,The Phantom Menace,474500000.0
Craig T. Nelson,1799300000.0,23,78200000.0,Incredibles 2,608600000.0
Paul Newman,1082000000.0,20,54100000.0,Cars,244100000.0
Kathryn Newton,321700000.0,6,53600000.0,Bad Teacher,100300000.0
Thandie Newton,1117800000.0,24,46600000.0,Mission: Impossible II,215400000.0
Mike Nichols,215000.0,1,215000.0,The Designated Mourner,215000.0
Jack Nicholson,1796000000.0,34,52800000.0,Batman,251200000.0
Leslie Nielsen,617900000.0,19,32500000.0,Scary Movie 3,110000000.0
Leonard Nimoy,820300000.0,11,74600000.0,Star Trek,257700000.0
Chuck Norris,279700000.0,17,16500000.0,The Expendables 2,85000000.0
Dean Norris,110900000.0,8,13900000.0,Death Wish (2018),34000000.0
Edward Norton,1103700000.0,26,42500000.0,The Incredible Hulk,134800000.0
Lupita Nyong'o,2952700000.0,8,369100000.0,Star Wars: The Force Awakens,936700000.0
Michael Nyqvist,319400000.0,10,31900000.0,Mission: Impossible 4,209400000.0
Jack O'Connell,269200000.0,9,29900000.0,Unbroken,115600000.0
Chris O'Donnell,779300000.0,19,41000000.0,Batman Forever,184000000.0
Jason O'Mara,77300000.0,3,25800000.0,Resident Evil: Extinction,50600000.0
Sophie Okonedo,125300000.0,8,15700000.0,The Secret Life of Bees,37800000.0
Gary Oldman,3450300000.0,42,82200000.0,The Dark Knight,535200000.00000006
Elizabeth Olsen,2450000000.0,17,144100000.0,Avengers: Infinity War,678800000.0
Mary-Kate Olsen,63500000.0,4,15900000.0,Beastly,27900000.0
Timothy Olyphant,712200000.0,23,31000000.0,Live Free or Die Hard,134500000.0
Clive Owen,547700000.0,26,21100000.0,Inside Man,88500000.0
David Oyelowo,622400000.0,16,38900000.0,Rise of the Planet of the Apes,176800000.0
Lee Pace,1960900000.0,18,108900000.0,Captain Marvel,421500000.0
Al Pacino,1457300000.0,39,37400000.0,The Godfather,135000000.0
Ellen Page,730900000.0,17,43000000.0,Inception,292600000.0
Adrianne Palicki,210400000.0,4,52600000.0,G.I. Joe: Retaliation,122500000.0
Teresa Palmer,536100000.0,17,31500000.0,Bedtime Stories,110100000.0
Gwyneth Paltrow,3157300000.0,35,90200000.0,Avengers: Infinity War,678800000.0
Hayden Panettiere,338400000.0,12,28200000.0,Remember the Titans,115700000.0
Anna Paquin,997600000.0,20,49900000.0,X-Men: The Last Stand,234400000.0
Sarah Jessica Parker,990600000.0,29,34200000.0,Sex and the City,152600000.0
Trey Parker,264600000.00000003,1,264600000.00000003,Despicable Me 3,264600000.00000003
Dev Patel,449600000.0,10,45000000.0,Slumdog Millionaire,141300000.0
Robert Pattinson,1746100000.0,16,109100000.0,The Twilight Saga: Eclipse,300500000.0
Paula Patton,631300000.0,14,45100000.0,Mission: Impossible 4,209400000.0
Sarah Paulson,549200000.0,15,36600000.0,Ocean's 8,140200000.0
Bill Paxton,1550600000.0,18,86100000.0,Titanic,659400000.0
Guy Pearce,1213200000.0,34,35700000.0,Iron Man 3,409000000.0
Jordan Peele,167200000.0,3,55700000.0,Captain Underpants,73900000.0
Amanda Peet,882000000.0,26,33900000.0,2012,166100000.0
Simon Pegg,2978000000.0,23,129500000.0,Star Wars: The Force Awakens,936700000.0
Michael Pena,1900700000.0,29,65500000.0,The Martian,228400000.0
Kal Penn,415200000.0,13,31900000.0,Superman Returns,200100000.0
Sean Penn,867600000.0,39,22200000.0,Angry Birds,107500000.0
Piper Perabo,581200000.0,16,36300000.0,Cheaper by the Dozen,138600000.0
Ron Perlman,942000000.0,23,41000000.0,Fantastic Beasts and Where To Find Them,234000000.0
Alex Ross Perry,28200.0,1,28200.0,7 Chinese Brothers,28200.0
Matthew Perry,200900000.0,7,28700000.0,17 Again,64200000.0
Tyler Perry,1231100000.0,21,58600000.0,Gone Girl,167800000.0
Alex Pettyfer,259399999.99999997,7,37100000.0,Magic Mike,113700000.0
Michelle Pfeiffer,1768500000.0,40,44200000.0,Ant-Man and the Wasp,216600000.0
Ryan Phillippe,415100000.0,17,24400000.0,I Know What You Did Last Summer,72600000.0
Joaquin Phoenix,1020500000.0,31,32900000.0,Signs,228000000.0
Rosamund Pike,746600000.0,23,32500000.0,Gone Girl,167800000.0
Chris Pine,1850900000.0,21,88100000.0,Wonder Woman,412600000.0
Jada Pinkett-Smith,1927800000.0,24,80300000.0,The Matrix Reloaded,281600000.0
Freida Pinto,406200000.0,8,50800000.0,Rise of the Planet of the Apes,176800000.0
Brad Pitt,2721100000.0,42,64800000.0,World War Z,202400000.0
Aubrey Plaza,178600000.0,14,12800000.0,Funny People,51900000.0
Jesse Plemons,551500000.0,15,36800000.0,The Post,81900000.0
Christopher Plummer,1389700000.0,34,40900000.0,National Treasure,173000000.0
Sidney Poitier,86000000.0,2,43000000.0,Guess Who's Coming to Dinner,56700000.0
Sydney Pollack,533299999.99999994,10,53300000.0,Tootsie,177200000.0
Sarah Polley,116200000.0,19,6100000.0,Dawn of the Dead,59000000.0
Imogen Poots,136600000.0,17,8000000.0,Need for Speed,43600000.0
Natalie Portman,2111100000.0,32,66000000.0,The Phantom Menace,474500000.0
Parker Posey,599700000.0,34,17600000.0,Superman Returns,200100000.0
Franka Potente,360000000.0,9,40000000.0,The Bourne Supremacy,176200000.0
Bel Powley,25900000.0,7,3700000.0,White Boy Rick,24000000.0
Chris Pratt,3931600000.0,20,196600000.0,Avengers: Infinity War,678800000.0
"Freddie Prinze, Jr.",518700000.00000006,16,32400000.0,Scooby-Doo,153300000.0
Jonathan Pryce,1583100000.0,35,45200000.0,Dead Man's Chest,423300000.0
James Purefoy,187900000.0,6,31300000.0,John Carter,73100000.0
Dennis Quaid,1854100000.0,59,31400000.0,The Day After Tomorrow,186700000.0
Randy Quaid,948700000.0,38,25000000.0,Independence Day,306200000.0
Daniel Radcliffe,2636000000.0,17,155100000.0,Harry Potter / Deathly Hallows (P2),381200000.0
Josh Radnor,718000.0,3,239000.0,Liberal Arts,327000.0
Edgar Ramirez,620300000.0,11,56400000.0,The Bourne Ultimatum,227500000.0
Harold Ramis,11600000.0,1,11600000.0,The Last Kiss (2006),11600000.0
Noomi Rapace,359500000.0,10,35900000.0,Sherlock Holmes 2,186800000.0
Emily Ratajkowski,52400000.0,2,26200000.0,I Feel Pretty,48800000.0
Jackson Rathbone,1307300000.0,6,217900000.0,The Twilight Saga: Eclipse,300500000.0
Max Records,107700000.0,2,53800000.0,Where the Wild Things Are,77200000.0
Lance Reddick,120600000.0,6,20100000.0,Don't Say a Word,55000000.0
Robert Redford,1654600000.0,32,51700000.0,Captain America 2,259800000.0
Eddie Redmayne,686800000.0,11,62400000.0,Fantastic Beasts and Where To Find Them,234000000.0
Crystal Reed,21500000.0,2,10700000.0,Skyline,21400000.0
Christopher Reeve,427800000.0,15,28500000.0,Superman,134500000.0
Keanu Reeves,1963400000.0,47,41800000.0,The Matrix Reloaded,281600000.0
John C. Reilly,2221000000.0,41,54200000.0,Guardians of the Galaxy,333200000.0
Rob Reiner,117000000.0,2,58500000.0,The Wolf of Wall Street,116900000.0
Jeremy Renner,3334000000.0,25,133400000.0,Avengers: Endgame,644500000.0
Ryan Reynolds,2076800000.0000002,34,61100000.0,Deadpool,363100000.0
Giovanni Ribisi,1928400000.0,32,60300000.0,Avatar,760500000.0
Christina Ricci,743700000.0,35,21200000.0,Addams Family,113500000.0
Denise Richards,365600000.0,12,30500000.0,World Is Not Enough,126900000.0
Alan Rickman,1784200000.0,27,66099999.99999999,Harry Potter / Deathly Hallows (P2),381200000.0
Daisy Ridley,1774900000.0,4,443700000.0,Star Wars: The Force Awakens,936700000.0
Rob Riggle,993700000.0,16,62100000.0,The Lorax,214000000.0
Noah Ringer,131800000.00000001,1,131800000.00000001,The Last Airbender,131800000.00000001
AnnaSophia Robb,272800000.0,9,30300000.0,Bridge to Terabithia,82300000.0
Margot Robbie,824500000.0,11,75000000.0,Suicide Squad,325100000.0
Tim Robbins,890500000.0,38,23400000.0,War of the Worlds,234300000.0
Emma Roberts,477900000.0,21,22800000.0,We're the Millers,150400000.0
Julia Roberts,2916500000.0,45,64800000.0,Ocean's Eleven,183400000.0
Chris Rock,1603000000.0,23,69700000.0,Madagascar 3,216400000.0
Sam Rockwell,1167500000.0,39,29900000.0,Iron Man 2,312400000.0
Gina Rodriguez,341000000.0,9,37900000.0,Ferdinand,84400000.0
Michelle Rodriguez,2410600000.0,20,120500000.0,Avatar,760500000.0
Seth Rogen,2241400000.0,27,83000000.0,Kung Fu Panda,215400000.0
Elisabeth Rohm,56500000.0,1,56500000.0,Joy,56500000.0
Rebecca Romijn,680400000.0,8,85100000.0,X-Men: The Last Stand,234400000.0
Saoirse Ronan,337800000.0,17,19900000.0,The Grand Budapest Hotel,59300000.0
Michael Rooker,1439400000.0,32,45000000.0,Guardians of the Galaxy 2,389800000.0
Emmy Rossum,363300000.0,13,27900000.0,The Day After Tomorrow,186700000.0
Eli Roth,58500.0,1,58500.0,Aftershock,58500.0
Jessica Rothe,251300000.0,7,35900000.0,La La Land,151100000.0
Mickey Rourke,842300000.0,36,23400000.0,Iron Man 2,312400000.0
Brandon Routh,203100000.0,3,67700000.0,Superman Returns,200100000.0
Gena Rowlands,358200000.0,21,17100000.0,The Notebook,81000000.0
Paul Rudd,2691500000.0,36,74800000.0,Avengers: Endgame,644500000.0
Mark Ruffalo,3550900000.0,37,96000000.0,Avengers: Infinity War,678800000.0
Geoffrey Rush,1714800000.0,32,53600000.0,Pirates of the Caribbean 3,309400000.0
Alex Russell,180200000.0,4,45100000.0,Unbroken,115600000.0
Kurt Russell,2208400000.0,37,59700000.0,Guardians of the Galaxy 2,389800000.0
Rene Russo,1530000000.0,23,66500000.0,Thor: The Dark World,206400000.0
Amy Ryan,511700000.0,21,24400000.0,Central Intelligence,127400000.0
Meg Ryan,1151900000.0,29,39700000.0,Top Gun,179800000.0
Winona Ryder,917100000.0,36,25500000.0,Mr. Deeds,126300000.0
Mark Rylance,497200000.0,7,71000000.0,Dunkirk,189700000.0
Katee Sackhoff,100100000.0,3,33400000.0,Riddick,42000000.0
Zoe Saldana,3979300000.0,31,128400000.0,Avatar,760500000.0
Carlos Saldanha,84400000.0,1,84400000.0,Ferdinand,84400000.0
Andy Samberg,865700000.0,13,66599999.99999999,Hotel Transylvania 2,169700000.0
Adam Sandler,2828500000.0,33,85700000.0,Hotel Transylvania 2,169700000.0
Rodrigo Santoro,584000000.0,9,64900000.00000001,300,210600000.0
Susan Sarandon,1498600000.0,64,23400000.0,Enchanted,127800000.0
Peter Sarsgaard,712000000.0,28,25400000.0,Green Lantern,116600000.0
Akiva Schaffer,9600000.0,1,9600000.0,Popstar,9600000.0
Taylor Schilling,81800000.0,6,13600000.0,The Lucky One,60500000.0
Joseph Schneider,15000.0,1,15000.0,I'm Not Jesus Mommy,15000.0
Rob Schneider,895100000.0,17,52700000.0,Big Daddy,163500000.0
Matthias Schoenaerts,101200000.0,14,7200000.0,Red Sparrow,46900000.0
Liev Schreiber,1187600000.0,34,34900000.0,X-Men Origins: Wolverine,179900000.0
Amy Schumer,214400000.0,4,53600000.0,Trainwreck,110200000.0
Jason Schwartzman,457200000.0,23,19900000.0,Saving Mr. Banks,83300000.0
Arnold Schwarzenegger,1885000000.0,30,62800000.0,Terminator 2,205900000.0
David Schwimmer,683000000.0,10,68300000.0,Madagascar 3,216400000.0
Adam Scott,600000000.0,27,22200000.0,Step Brothers,100500000.0
Steven Seagal,422900000.0,10,42300000.0,Under Siege,83600000.0
Jason Segel,929400000.0,15,62000000.0,Despicable Me,251500000.0
Andy Serkis,4357700000.0,26,167600000.0,Star Wars: The Force Awakens,936700000.0
Chloe Sevigny,108800000.0,23,4700000.0,Zodiac,33100000.0
Rufus Sewell,489100000.0,21,23300000.0,Hercules,72700000.0
Amanda Seyfried,1088200000.0,27,40300000.0,Les Miserables,148800000.0
Tupac Shakur,83100000.0,6,13800000.0,Poetic Justice,27500000.0
Michael Shannon,509500000.0,23,22200000.0,Man of Steel,291000000.0
Suraj Sharma,161400000.0,2,80700000.0,Life of Pi,125000000.0
Charlie Sheen,905900000.0,31,29200000.0,Platoon,138500000.0
Michael Sheen,1603100000.0,28,57300000.0,Alice in Wonderland,334200000.0
Tye Sheridan,332800000.0,9,37000000.0,X-Men: Apocalypse,155400000.0
M. Night Shyamalan,42300000.0,1,42300000.0,Lady in the Water,42300000.0
Gabourey Sidibe,132500000.0,4,33100000.0,Tower Heist,78000000.0
Sebastin Silva,79800.0,1,79800.0,Nasty Baby,79800.0
Alicia Silverstone,445600000.0,18,24800000.0,Batman and Robin,107300000.0
Stellan Skarsgard,3296300000.0,46,71700000.0,The Avengers,623400000.0
Alexander Skarsgrd,193400000.0,10,19300000.0,The Legend of Tarzan,126600000.0
John Slattery,774600000.0,12,64599999.99999999,Iron Man 2,312400000.0
Kodi Smit-McPhee,476500000.0,9,52900000.0,Dawn of the Planet of the Apes,208500000.0
Jaden Smith,480000000.0,4,120000000.0,The Karate Kid,176600000.0
Kevin Smith,209900000.0,7,30000000.0,Live Free or Die Hard,134500000.0
Maggie Smith,691700000.0,24,28800000.0,Sister Act,139600000.0
Will Smith,3205000000.0,25,128199999.99999999,Suicide Squad,325100000.0
Wesley Snipes,976500000.0,31,31500000.0,Blade II,82300000.0
Kang-ho Song,14100000.0,8,1800000.0,The Interview (2014),6100000.0
Mira Sorvino,69900000.0,13,5400000.0,Romy & Michele's High School Reunion,29200000.0
Kevin Spacey,1530200000.0,40,38300000.0,Superman Returns,200100000.0
David Spade,906100000.0,15,60400000.0,Hotel Transylvania 2,169700000.0
Octavia Spencer,1096400000.0,14,78300000.0,Zootopia,341300000.0
Brent Spiner,1037200000.0,17,61000000.0,Independence Day,306200000.0
Morgan Spurlock,638000.0,1,638000.0,POM Wonderful Presents: The Greatest Movie Ever Sold,638000.0
Sylvester Stallone,2555900000.0,43,59400000.0,Guardians of the Galaxy 2,389800000.0
Sebastian Stan,1896400000.0,18,105400000.0,Avengers: Infinity War,678800000.0
Lakeith Stanfield,521700000.00000006,11,47400000.0,Get Out,176000000.0
Jason Statham,1654700000.0,33,50100000.0,Furious 7,353000000.0
Imelda Staunton,671400000.0,16,42000000.0,Harry Potter / Phoenix,292100000.0
Hailee Steinfeld,902700000.0,15,60200000.0,Spider-Man: Into The Spider-Verse,190200000.0
Dan Stevens,670200000.0,9,74500000.0,Beauty and the Beast,504000000.0
Ray Stevenson,1166800000.0,16,72900000.0,Thor: The Dark World,206400000.0
Kristen Stewart,1820500000.0,31,58700000.0,The Twilight Saga: Eclipse,300500000.0
Patrick Stewart,1551500000.0,22,70500000.0,X-Men: The Last Stand,234400000.0
Julia Stiles,1041300000.0,20,52100000.0,The Bourne Ultimatum,227500000.0
Ben Stiller,2829100000.0,38,74500000.0,Meet the Fockers,279300000.0
Emma Stone,1593600000.0,20,79700000.0,The Amazing Spider-Man,262000000.0
Sharon Stone,743900000.0,35,21300000.0,Total Recall,119400000.0
Meryl Streep,2413000000.0,56,43100000.0,Mary Poppins Returns,172000000.0
Barbra Streisand,995400000.0,15,66400000.00000001,Meet the Fockers,279300000.0
Mark Strong,1370500000.0,39,35100000.0,Sherlock Holmes,209000000.0
Jim Sturgess,233300000.0,13,17900000.0,21,81200000.0
Tom Sturridge,23800000.0,8,3000000.0,Far from the Madding Crowd,12200000.0
Jason Sudeikis,921300000.0,19,48500000.0,We're the Millers,150400000.0
Jeremy Sumpter,139900000.0,4,35000000.0,Peter Pan,48500000.0
Kiefer Sutherland,1087500000.0,36,30200000.0,Monsters Vs. Aliens,198400000.0
Hilary Swank,476200000.0,19,25100000.0,Million Dollar Baby,100500000.0
Nick Swardson,792500000.0,13,61000000.0,Grown Ups 2,133699999.99999999
Patrick Swayze,575100000.0,24,24000000.0,Ghost,217600000.0
Tilda Swinton,1315500000.0,35,37600000.0,The Chronicles of Narnia,291700000.0
Omar Sy,1074700000.0,7,153500000.0,Jurassic World,652300000.0
Jorma Taccone,330800000.0,4,82700000.0,The LEGO Movie,257800000.0
Quentin Tarantino,28700000.0,2,14300000.0,From Dusk Till Dawn,25800000.0
Channing Tatum,2250400000.0,34,66200000.0,The LEGO Movie,257800000.0
Christine Taylor,307900000.0,7,44000000.0,DodgeBall,114300000.0
Aimee Teegarden,10200000.0,3,3400000.0,Prom,10100000.0
Miles Teller,659900000.0,16,41200000.0,Divergent,150900000.0
Juno Temple,396200000.0,18,22000000.0,Maleficent,241400000.0
Charlize Theron,1678300000.0,39,43000000.0,Hancock,227900000.0
Max Thieriot,233500000.0,9,25900000.0,The Pacifier,113100000.0
Olivia Thirlby,366300000.0,17,21500000.0,Juno,143500000.0
Emma Thompson,1574900000.0,34,46300000.0,Beauty and the Beast,504000000.0
Tessa Thompson,1291900000.0,10,129199999.99999999,Avengers: Endgame,644500000.0
Bella Thorne,324900000.0,10,32500000.0,Alvin and the Chipmunks: The Road Chip,85900000.0
Billy Bob Thornton,1057099999.9999999,36,29400000.0,Armageddon,201600000.0
Uma Thurman,789100000.0,34,23200000.0,Pulp Fiction,107900000.0
Brenton Thwaites,488600000.0,6,81400000.0,Maleficent,241400000.0
Justin Timberlake,671500000.0,15,44800000.0,Trolls,153700000.0
Analeigh Tipton,151800000.0,4,37900000.0,"Crazy, Stupid, Love.",84400000.0
Marisa Tomei,2099600000.0,45,46700000.0,Captain America 3,408100000.0
Lily Tomlin,642500000.0,21,30600000.0,Spider-Man: Into The Spider-Verse,190200000.0
Michelle Trachtenberg,254200000.0,8,31800000.0,Inspector Gadget,97400000.0
John Travolta,2404400000.0,46,52300000.0,Grease,190000000.0
Stanley Tucci,3778200000.0,56,67500000.0,Beauty and the Beast,504000000.0
Chris Tucker,797700000.0,9,88600000.0,Rush Hour 2,226200000.0
Alan Tudyk,2499500000.0,13,192300000.0,Rogue One,532200000.00000006
Liv Tyler,1545600000.0,23,67200000.0,Return of the King,377800000.0
Carrie Underwood,43900000.0,1,43900000.0,Soul Surfer,43900000.0
Kate Upton,128199999.99999999,2,64099999.99999999,The Other Woman,83900000.0
Karl Urban,2276600000.0,19,119800000.0,Return of the King,377800000.0
Wilmer Valderrama,76800000.0,8,9600000.0,Larry Crowne,35600000.0
Jean-Claude Van Damme,610800000.0,22,27800000.0,Kung Fu Panda 2,165200000.0
Nia Vardalos,317900000.0,5,63600000.0,My Big Fat Greek Wedding,241400000.0
Vince Vaughn,1807000000.0,36,50200000.0,The Lost World,229100000.0
Alexa Vega,369500000.0,9,41100000.0,Spy Kids,112700000.0
Alicia Vikander,368000000.0,13,28300000.0,Jason Bourne,162400000.0
Goran Visnjic,86100000.0,7,12300000.0,Practical Magic,46700000.0
Mike Vogel,537700000.0,12,44800000.0,The Help,169700000.0
Jon Voight,2268200000.0,35,64800000.0,Transformers,319200000.0
Mark Wahlberg,3005900000.0,43,69900000.0,Transformers 4,245400000.0
David Wain,101000.0,2,50300.0,Delirious (2007),86500.0
Rhys Wakefield,46700000.0,3,15600000.0,Endless Love,23400000.0
Christopher Walken,2093000000.0,62,33800000.0,The Jungle Book,364000000.0
Paul Walker,1644400000.0,19,86500000.0,Furious 7,353000000.0
Quvenzhane Wallis,253100000.0,4,63300000.0,Trolls,153700000.0
Julie Walters,1798600000.0,28,64200000.0,Harry Potter / Sorcerer's Stone,317900000.0
Christoph Waltz,1079800000.0,15,72000000.0,Spectre,200100000.0
Denzel Washington,2502000000.0,47,53200000.0,American Gangster,130199999.99999999
Mia Wasikowska,534200000.00000006,18,29700000.0,Alice in Wonderland,334200000.0
Katherine Waterston,503100000.0,7,71900000.0,Fantastic Beasts and Where To Find Them,234000000.0
Emma Watson,3207900000.0,18,178200000.0,Beauty and the Beast,504000000.0
Naomi Watts,949800000.0,38,25000000.0,King Kong,218100000.0
Damon Wayans,217400000.0,11,19800000.0,The Last Boy Scout,59500000.0
Keenen Ivory Wayans,69200000.0,4,17300000.0,A Low Down Dirty Shame,29400000.0
Marlon Wayans,765600000.0,17,45000000.0,Scary Movie,157000000.0
Shawn Wayans,377900000.0,5,75600000.0,Scary Movie,157000000.0
John Wayne,8199999.999999999,2,4099999.9999999995,The Shootist,8100000.0
Sigourney Weaver,2280100000.0,47,48500000.0,Avatar,760500000.0
Hugo Weaving,2189400000.0,20,109500000.0,Fellowship of the Ring,315500000.0
Rachel Weisz,1267100000.0,38,33299999.999999996,Oz The Great and Powerful,234900000.0
Leigh Whannell,90200000.0,3,30100000.0,Insidious 4,67700000.0
Ben Whishaw,879600000.0,15,58600000.0,Skyfall,304400000.0
Forest Whitaker,2830500000.0,57,49700000.0,Black Panther,700100000.0
Kristen Wiig,2367700000.0,33,71700000.0,Despicable Me 2,368100000.0
Olivia Wilde,575600000.0,22,26200000.0,Tron Legacy,172100000.0
Gene Wilder,357200000.0,10,35700000.0,Blazing Saddles,119600000.0
Tom Wilkinson,1208400000.0,46,26300000.0,Rush Hour,141200000.0
Michael K. Williams,656600000.0,16,41000000.0,The Incredible Hulk,134800000.0
Michelle Williams,1156400000.0,31,37300000.0,Oz The Great and Powerful,234900000.0
Robin Williams,3279300000.0,50,65599999.99999999,Night at the Museum,250900000.0
Bruce Willis,3335000000.0,62,53800000.0,Sixth Sense,293500000.0
Luke Wilson,656700000.0,32,20500000.0,Legally Blonde,96500000.0
Owen Wilson,2922500000.0,43,68000000.0,Night at the Museum,250900000.0
Patrick Wilson,1118400000.0,21,53300000.0,Aquaman,335100000.0
Rebel Wilson,620800000.0,9,69000000.0,Pitch Perfect 2,184300000.0
Oprah Winfrey,745400000.0,9,82800000.0,Bee Movie,126600000.0
Kate Winslet,1519300000.0,34,44700000.0,Titanic,659400000.0
Mary Elizabeth Winstead,480000000.0,18,26700000.0,Live Free or Die Hard,134500000.0
Reese Witherspoon,1652300000.0,33,50100000.0,Sing,270400000.0
Finn Wolfhard,334300000.0,2,167100000.0,It,327500000.0
Ellen Wong,31500000.0,1,31500000.0,Scott Pilgrim vs. the World,31500000.0
Elijah Wood,1889300000.0,37,51100000.0,Return of the King,377800000.0
Shailene Woodley,614700000.0,9,68300000.0,Divergent,150900000.0
Kenny Wormald,64400000.00000001,4,16100000.000000002,Footloose,51800000.0
Sam Worthington,1329900000.0,15,88700000.0,Avatar,760500000.0
Jeffrey Wright,2006700000.0,27,74300000.0,Catching Fire,424700000.0
Letitia Wright,2197500000.0,6,366200000.0,Black Panther,700100000.0
Robin Wright,837200000.0,7,119600000.0,Wonder Woman,412600000.0
Anton Yelchin,1090500000.0,22,49600000.0,Star Trek,257700000.0
Donnie Yen,804700000.0,14,57500000.0,Rogue One,532200000.00000006
Michelle Yeoh,806100000.0,13,62000000.0,Crazy Rich Asians,174500000.0
Steven Yeun,58700000.0,3,19600000.0,The Star,40900000.0
Renee Zellweger,1198900000.0,29,41300000.0,Chicago,170700000.0
Catherine Zeta-Jones,1229300000.0,24,51200000.0,Chicago,170700000.0
Zhang Ziyi,485900000.0,10,48600000.0,Rush Hour 2,226200000.0
Josh Zuckerman,8400000.0,2,4200000.0,Sex Drive,8400000.0
