Average,BestPic_Gross,Best_Picture,DirectorName,No_Of_Movies,Total_Gross,_id
3000000.0,4400000.0,Flash of Genius,Marc Abraham,2,6100000.0,5cbf57e7f1b3f84eb09ba402
43500000.0,83500000.0,Airplane!,Jim Abrahams,8,348000000.0,5cbf57e7f1b3f84eb09ba403
336800000.0,936700000.0,Star Wars: The Force Awakens,J.J. Abrams,5,1684200000.0,5cbf57e7f1b3f84eb09ba404
192500000.0,441200000.0,Shrek 2,Andrew Adamson,6,1154700000.0,5cbf57e7f1b3f84eb09ba405
5800000.0,5800000.0,Bordello of Blood,Gilbert Adler,1,5800000.0,5cbf57e7f1b3f84eb09ba406
64700000.0,136000000.0,Argo,Ben Affleck,4,258899999.99999997,5cbf57e7f1b3f84eb09ba407
409000.0,409000.0,I'm Still Here,Casey Affleck,1,409000.0,5cbf57e7f1b3f84eb09ba408
30800000.0,37300000.0,Jumping the Broom,Salim Akil,2,61700000.0,5cbf57e7f1b3f84eb09ba409
11000000.0,24100000.0,"Tinker, Tailor, Soldier, Spy",Tomas Alfredson,3,33000000.0,5cbf57e7f1b3f84eb09ba40a
88300.0,88300.0,Crazy on the Outside,Tim Allen,1,88300.0,5cbf57e7f1b3f84eb09ba40b
13400000.0,56800000.0,Midnight in Paris,Woody Allen,44,591400000.0,5cbf57e7f1b3f84eb09ba40c
22400000.0,26200000.0,Ramona and Beezus,Elizabeth Allen (II),2,44800000.0,5cbf57e7f1b3f84eb09ba40d
4300000.0,12900000.0,Volver,Pedro Almodovar,15,64700000.0,5cbf57e7f1b3f84eb09ba40e
13900000.0,81600000.0,M.A.S.H.,Robert Altman,20,277700000.0,5cbf57e7f1b3f84eb09ba40f
52800000.0,89200000.0,Don't Breathe,Fede Alvarez,3,158300000.0,5cbf57e7f1b3f84eb09ba410
11800000.0,13300000.0,Case 39,Christian Alvart,2,23600000.0,5cbf57e7f1b3f84eb09ba411
19900000.0,96500000.0,The Others,Alejandro Amenabar,5,99700000.0,5cbf57e7f1b3f84eb09ba412
507000.0,507000.0,The Two Faces of January,Hossein Amini,1,507000.0,5cbf57e7f1b3f84eb09ba413
60200000.0,150400000.0,Daddy's Home,Sean Anders,7,421600000.0,5cbf57e7f1b3f84eb09ba414
8500000.0,51900000.0,The Call,Brad Anderson,7,59600000.0,5cbf57e7f1b3f84eb09ba415
19100000.0,40200000.0,There Will Be Blood,Paul Thomas Anderson,8,152800000.0,5cbf57e7f1b3f84eb09ba416
36800000.0,80300000.0,Alien Vs. Predator,Paul W.S. Anderson,12,441300000.0,5cbf57e7f1b3f84eb09ba417
29300000.0,59300000.0,The Grand Budapest Hotel,Wes Anderson,9,263800000.0,5cbf57e7f1b3f84eb09ba418
237300000.0,237300000.0,Brave,Mark Andrews,1,237300000.0,5cbf57e7f1b3f84eb09ba419
50800000.0,50800000.0,The Boxtrolls,Graham Annable,1,50800000.0,5cbf57e7f1b3f84eb09ba41a
21000000.0,51400000.0,Enemy at the Gates,Jean-Jacques Annaud,9,188600000.0,5cbf57e7f1b3f84eb09ba41b
18200000.0,52000000.0,Predators,Nimród Antal,5,91000000.0,5cbf57e7f1b3f84eb09ba41c
39400000.0,39400000.0,Burlesque,Steven Antin,1,39400000.0,5cbf57e7f1b3f84eb09ba41d
81400000.0,148800000.0,Knocked Up,Judd Apatow,6,488600000.0,5cbf57e7f1b3f84eb09ba41e
31900000.0,126900000.0,World Is Not Enough,Michael Apted,18,574900000.0,5cbf57e7f1b3f84eb09ba41f
292000.0,713000.0,Mysterious Skin,Gregg Araki,7,2000000.0,5cbf57e7f1b3f84eb09ba420
9700000.0,50100000.0,Little Women (1994),Gillian Armstrong,6,57900000.0,5cbf57e7f1b3f84eb09ba421
14000000.0,14000000.0,Left Behind,Vic Armstrong,1,14000000.0,5cbf57e7f1b3f84eb09ba422
38500000.0,107000000.0,Black Swan,Darren Aronofsky,7,269200000.0,5cbf57e7f1b3f84eb09ba423
116000.0,201000.0,The Burning Plain,Guillermo Arriaga,2,233000.0,5cbf57e7f1b3f84eb09ba424
15900000.0,67000000.0,Alexander,Miguel Arteta,7,111300000.0,5cbf57e7f1b3f84eb09ba425
164900000.0,441200000.0,Shrek 2,Kelly Asbury,4,659500000.0,5cbf57e7f1b3f84eb09ba426
44100000.0,44100000.0,Hereditary,Ari Aster,1,44100000.0,5cbf57e7f1b3f84eb09ba427
1400000.0,2100000.0,A Prophet (Un prophète),Jacques Audiard,4,5400000.0,5cbf57e7f1b3f84eb09ba428
63200.0,63200.0,The Nines,John August,1,63200.0,5cbf57e7f1b3f84eb09ba429
82000000.0,325100000.0,Suicide Squad,David Ayer,6,492200000.0,5cbf57e7f1b3f84eb09ba42a
48700.0,64200.0,Losing Chase,Kevin Bacon,2,97400.0,5cbf57e7f1b3f84eb09ba42b
80700000.0,102400000.0,The Maze Runner,Wes Ball,3,242200000.0,5cbf57e7f1b3f84eb09ba42c
184300000.0,184300000.0,Pitch Perfect 2,Elizabeth Banks,1,184300000.0,5cbf57e7f1b3f84eb09ba42d
11800.0,11800.0,Falcon Rising,Ernie Barbarash,1,11800.0,5cbf57e7f1b3f84eb09ba42e
11700000.0,27900000.0,Beastly,Daniel Barnz,3,35100000.0,5cbf57e7f1b3f84eb09ba42f
13000000.0,13000000.0,Whip It,Drew Barrymore,1,13000000.0,5cbf57e7f1b3f84eb09ba430
35900000.0,56000000.0,Romeo Must Die,Andrzej Bartkowiak,5,179400000.0,5cbf57e7f1b3f84eb09ba431
17500000.0,17500000.0,Silent Hill 2,Michael J. Bassett,1,17500000.0,5cbf57e7f1b3f84eb09ba432
4000000.0,7800000.0,Bad Words,Jason Bateman,2,8000000.0,5cbf57e7f1b3f84eb09ba433
1400000.0,2300000.0,The East,Zal Batmanglij,2,2700000.0,5cbf57e7f1b3f84eb09ba434
3200000.0,7600000.0,While We're Young,Noah Baumbach,9,28900000.0,5cbf57e7f1b3f84eb09ba435
179000000.0,402100000.0,Transformers 2,Michael Bay,13,2326500000.0,5cbf57e7f1b3f84eb09ba436
111900000.0,417700000.0,Jurassic World 2,J.A. Bayona,4,447600000.0,5cbf57e7f1b3f84eb09ba437
9500000.0,19100000.0,"I, Frankenstein",Stuart Beattie,2,19100000.0,5cbf57e7f1b3f84eb09ba438
51200000.0,103700000.0,Dick Tracy,Warren Beatty,5,255900000.0,5cbf57e7f1b3f84eb09ba439
40100000.0,134500000.0,Wanted,Timur Bekmambetov,5,200400000.0,5cbf57e7f1b3f84eb09ba43a
1600000.0,3000000.0,In a World,Lake Bell,2,3200000.0,5cbf57e7f1b3f84eb09ba43b
37400000.0,53300000.0,The Devil Inside,William Brent Bell,3,112200000.0,5cbf57e7f1b3f84eb09ba43c
26900000.0,26900000.0,Stick It,Jessica Bendinger,1,26900000.0,5cbf57e7f1b3f84eb09ba43d
12500000.0,57600000.0,Life Is Beautiful,Roberto Benigni,5,62500000.0,5cbf57e7f1b3f84eb09ba43e
588000.0,588000.0,The Disappearance of Eleanor Rigby,Ned Benson,1,588000.0,5cbf57e7f1b3f84eb09ba43f
25800000.0,106300000.0,Kramer Vs. Kramer,Robert Benton,9,231800000.0,5cbf57e7f1b3f84eb09ba440
71400000.0,227900000.0,Hancock,Peter Berg,10,714300000.0,5cbf57e7f1b3f84eb09ba441
32000000.0,53400000.0,Life as We Know It,Greg Berlanti,3,95900000.0,5cbf57e7f1b3f84eb09ba442
27300000.0,126700000.0,Lucy,Luc Besson,12,327000000.0,5cbf57e7f1b3f84eb09ba443
27900000.0,60100000.0,The Family Stone,Thomas Bezucha,3,83800000.0,5cbf57e7f1b3f84eb09ba444
25300000.0,95700000.0,Zero Dark Thirty,Kathryn Bigelow,9,227600000.0,5cbf57e7f1b3f84eb09ba445
13900000.0,21600000.0,Black or White,Mike Binder,6,83300000.0,5cbf57e7f1b3f84eb09ba446
233700000.0,608600000.0,Incredibles 2,Brad Bird,6,1402500000.0,5cbf57e7f1b3f84eb09ba447
9600000.0,9600000.0,The Best of Enemies,Robin Bissell,1,9600000.0,5cbf57e7f1b3f84eb09ba448
12700.0,12700.0,Virginia,Dustin Lance Black,1,12700.0,5cbf57e7f1b3f84eb09ba449
125100000.0,409000000.0,Iron Man 3,Shane Black,4,500500000.0,5cbf57e7f1b3f84eb09ba44a
80100000.0,115600000.0,District 9,Neill Blomkamp,3,240300000.0,5cbf57e7f1b3f84eb09ba44b
25700000.0,58400000.0,Anastasia,Don Bluth,9,230900000.0,5cbf57e7f1b3f84eb09ba44c
101900000.0,400000000.0,Captain Marvel,Anna Boden,4,407600000.0,5cbf57e7f1b3f84eb09ba44d
5700000.0,10200000.0,House of the Dead,Uwe Boll,4,22600000.0,5cbf57e7f1b3f84eb09ba44e
62500000.0,124900000.0,The Fault in our Stars,Josh Boone,2,125000000.0,5cbf57e7f1b3f84eb09ba44f
12600000.0,49100000.0,The Possession,Ole Bornedal,4,50600000.0,5cbf57e7f1b3f84eb09ba450
46200000.0,87000000.0,Saw II,Darren Lynn Bousman,5,230800000.0,5cbf57e7f1b3f84eb09ba451
41300000.0,64700000.0,Flushed Away,David Bowers,5,206700000.0,5cbf57e7f1b3f84eb09ba452
38600000.0,83900000.0,X-Files,Rob Bowman,4,154200000.0,5cbf57e7f1b3f84eb09ba453
25000000.0,141300000.0,Slumdog Millionaire,Danny Boyle,12,300200000.0,5cbf57e7f1b3f84eb09ba454
44800000.0,44800000.0,Red Dawn (2012),Dan Bradley,1,44800000.0,5cbf57e7f1b3f84eb09ba455
17000000.0,35100000.0,The Hot Chick,Tom Brady,3,51000000.0,5cbf57e7f1b3f84eb09ba456
25100000.0,45000000.0,Going in Style (2017),Zach Braff,3,75400000.0,5cbf57e7f1b3f84eb09ba457
49100000.0,201200000.0,Cinderella,Kenneth Branagh,13,638200000.0,5cbf57e7f1b3f84eb09ba458
69000000.0,234800000.0,Beverly Hills Cop,Martin Brest,6,413800000.0,5cbf57e7f1b3f84eb09ba459
27800000.0,51800000.0,Footloose,Craig Brewer,3,83400000.0,5cbf57e7f1b3f84eb09ba45a
45800000.0,126300000.0,Mr. Deeds,Steven Brill,6,274500000.0,5cbf57e7f1b3f84eb09ba45b
240000.0,240000.0,Driving Lessons,Jeremy Brock,1,240000.0,5cbf57e7f1b3f84eb09ba45c
10800000.0,32200000.000000004,"Definitely, Maybe",Adam Brooks,3,32400000.0,5cbf57e7f1b3f84eb09ba45d
8800000.0,19100000.0,Mother (1996),Albert Brooks,7,61400000.0,5cbf57e7f1b3f84eb09ba45e
65300000.0,148500000.0,As Good as It Gets,James L. Brooks,6,391500000.0,5cbf57e7f1b3f84eb09ba45f
39400000.0,119600000.0,Blazing Saddles,Mel Brooks,10,393800000.0,5cbf57e7f1b3f84eb09ba460
11200000.0,22200000.0,Two Can Play That Game,Mark Brown,2,22400000.0,5cbf57e7f1b3f84eb09ba461
5800000.0,5800000.0,The Clearing,Pieter Jan Brugge,1,5800000.0,5cbf57e7f1b3f84eb09ba462
42700000.0,57000000.0,Escape From Planet Earth,Cal Brunker,2,85400000.0,5cbf57e7f1b3f84eb09ba463
210200000.0,400700000.0,Frozen,Chris Buck,3,630700000.0,5cbf57e7f1b3f84eb09ba464
63100000.0,150900000.0,Divergent,Neil Burger,6,378500000.0,5cbf57e7f1b3f84eb09ba465
47100.0,129000.0,The Groomsmen,Edward Burns,4,188000.0,5cbf57e7f1b3f84eb09ba466
5100000.0,17800000.0,Going the Distance,Nanette Burstein,4,20200000.0,5cbf57e7f1b3f84eb09ba467
102200000.0,334200000.0,Alice in Wonderland,Tim Burton,19,1941800000.0,5cbf57e7f1b3f84eb09ba468
5100000.0,5100000.0,Birthday Girl,Jez Butterworth,1,5100000.0,5cbf57e7f1b3f84eb09ba469
30000.0,30000.0,Sonny,Nicolas Cage,1,30000.0,5cbf57e7f1b3f84eb09ba46a
829000.0,1300000.0,Another Earth,Mike Cahill,2,1700000.0,5cbf57e7f1b3f84eb09ba46b
219600000.0,760500000.0,Avatar,James Cameron,9,1976000000.0,5cbf57e7f1b3f84eb09ba46c
59500000.0,167400000.0,Casino Royale,Martin Campbell,12,714100000.0,5cbf57e7f1b3f84eb09ba46d
8100000.0,40200000.0,The Piano,Jane Campion,7,56800000.0,5cbf57e7f1b3f84eb09ba46e
60300000.0,60300000.0,Blockers,Kay Cannon,1,60300000.0,5cbf57e7f1b3f84eb09ba46f
43800000.0,77200000.0,The A-Team,Joe Carnahan,4,175100000.0,5cbf57e7f1b3f84eb09ba470
25300000.0,44500000.0,"McFarland, USA",Niki Caro,4,101200000.0,5cbf57e7f1b3f84eb09ba471
19200000.0,47000000.0,Halloween,John Carpenter,15,288600000.0,5cbf57e7f1b3f84eb09ba472
72500000.0,146300000.0,Paul Blart: Mall Cop,Steve Carr,7,507400000.0,5cbf57e7f1b3f84eb09ba473
45200000.0,91100000.0,Save the Last Dance,Thomas Carter,5,226100000.0,5cbf57e7f1b3f84eb09ba474
42600000.0,101400000.0,Eagle Eye,D.J. Caruso,8,340500000.0,5cbf57e7f1b3f84eb09ba475
44100000.0,83900000.0,The Other Woman,Nick Cassavetes,7,308700000.0,5cbf57e7f1b3f84eb09ba476
23400000.0,54900000.0,The Jackal,Michael Caton-Jones,9,210200000.0,5cbf57e7f1b3f84eb09ba477
715000.0,2000000.0,Footnote,Joseph Cedar,3,2100000.0,5cbf57e7f1b3f84eb09ba478
9500000.0,26800000.0,The Other Boleyn Girl,Justin Chadwick,4,37900000.0,5cbf57e7f1b3f84eb09ba479
136000.0,136000.0,1911,Jackie Chan,1,136000.0,5cbf57e7f1b3f84eb09ba47a
5800000.0,6300000.0,All Is Lost,J.C. Chandor,3,17400000.0,5cbf57e7f1b3f84eb09ba47b
25600000.0,80300000.0,The Dukes of Hazzard,Jay Chandrasekhar,6,153600000.0,5cbf57e7f1b3f84eb09ba47c
169300000.0,237300000.0,Brave,Brenda Chapman,2,338700000.0,5cbf57e7f1b3f84eb09ba47d
52400000.0,128500000.0,Borat,Larry Charles,5,261800000.0,5cbf57e7f1b3f84eb09ba47e
611000.0,611000.0,Not Fade Away,David Chase,1,611000.0,5cbf57e7f1b3f84eb09ba47f
52300000.0,151100000.0,La La Land,Damien Chazelle,4,209200000.0,5cbf57e7f1b3f84eb09ba480
75100000.0,132400000.0,Wonder,Stephen Chbosky,2,150200000.0,5cbf57e7f1b3f84eb09ba481
2600000.0,2600000.0,Miles Ahead,Don Cheadle,1,2600000.0,5cbf57e7f1b3f84eb09ba482
23400000.0,79600000.0,Hannah Montana The Movie,Peter Chelsom,9,211000000.0,5cbf57e7f1b3f84eb09ba483
8800000.0,20800000.0,The Kids Are All Right,Lisa Cholodenko,3,26400000.0,5cbf57e7f1b3f84eb09ba484
4600000.0,7000000.0,The Triplets of Belleville,Sylvain Chomet,2,9200000.0,5cbf57e7f1b3f84eb09ba485
37300000.0,37300000.0,The Roommate,Christian E. Christiansen,1,37300000.0,5cbf57e7f1b3f84eb09ba486
68000000.0,174500000.0,Crazy Rich Asians,Jon Chu,8,544000000.0,5cbf57e7f1b3f84eb09ba487
14600000.0,21400000.0,The Place Beyond the Pines,Derek Cianfrance,3,43700000.0,5cbf57e7f1b3f84eb09ba488
14400000.0,49000000.0,The Deer Hunter,Michael Cimino,7,101000000.0,5cbf57e7f1b3f84eb09ba489
34000000.0,78000000.0,The Monuments Men,George Clooney,6,203700000.0,5cbf57e7f1b3f84eb09ba48a
50300000.0,171200000.0,True Grit,Ethan Coen,8,402500000.0,5cbf57e7f1b3f84eb09ba48b
31900000.0,171200000.0,True Grit,Joel Coen,18,574200000.0,5cbf57e7f1b3f84eb09ba48c
305100000.0,368100000.0,Despicable Me 2,Pierre Coffin,4,1220200000.0,5cbf57e7f1b3f84eb09ba48d
25600000.0,25600000.0,The House,Andrew J. Cohen,1,25600000.0,5cbf57e7f1b3f84eb09ba48e
60500000.0,90400000.0,Get Hard,Etan Cohen,2,121000000.0,5cbf57e7f1b3f84eb09ba48f
49600000.0,144500000.0,Fast and the Furious,Rob Cohen,13,644500000.0,5cbf57e7f1b3f84eb09ba490
43500000.0,92200000.0,Non-Stop,Jaume Collet-Serra,8,347700000.0,5cbf57e7f1b3f84eb09ba491
116700000.0,317900000.0,Harry Potter / Sorcerer's Stone,Chris Columbus,15,1750800000.0,5cbf57e7f1b3f84eb09ba492
137000000.0,504000000.0,Beauty and the Beast,Bill Condon,9,1232600000.0,5cbf57e7f1b3f84eb09ba493
409000.0,409000.0,The Promotion,Steve Conrad,1,409000.0,5cbf57e7f1b3f84eb09ba494
275300000.0,700100000.0,Black Panther,Ryan Coogler,3,825900000.0,5cbf57e7f1b3f84eb09ba495
78300000.0,120600000.0,Mulan,Barry Cook,2,156700000.0,5cbf57e7f1b3f84eb09ba496
28400000.0,28400000.0,Employee of the Month,Greg Coolidge,1,28400000.0,5cbf57e7f1b3f84eb09ba497
12300000.0,29000000.0,Out to Sea,Martha Coolidge,11,135700000.0,5cbf57e7f1b3f84eb09ba498
215300000.0,215300000.0,A Star is Born,Bradley Cooper,1,215300000.0,5cbf57e7f1b3f84eb09ba499
35800000.0,62600000.0,Black Mass,Scott Cooper,4,143200000.0,5cbf57e7f1b3f84eb09ba49a
42600000.0,135000000.0,The Godfather,Francis Ford Coppola,17,723800000.0,5cbf57e7f1b3f84eb09ba49b
230000.0,414000.0,CQ,Roman Coppola,2,460000.0,5cbf57e7f1b3f84eb09ba49c
14000000.0,44600000.0,Lost in Translation,Sofia Coppola,6,83800000.0,5cbf57e7f1b3f84eb09ba49d
82100000.0,161500000.0,Waterboy,Frank Coraci,7,575000000.0,5cbf57e7f1b3f84eb09ba49e
17900000.0,35600000.0,The American,Anton Corbijn,3,53700000.0,5cbf57e7f1b3f84eb09ba49f
8900000.0,16800000.0,The Kid Who Would be King,Joe Cornish,2,17800000.0,5cbf57e7f1b3f84eb09ba4a0
548000.0,1000000.0,Buried,Rodrigo Cortes,2,1100000.0,5cbf57e7f1b3f84eb09ba4a1
87100000.0,184200000.0,Dances with Wolves,Kevin Costner,4,348400000.0,5cbf57e7f1b3f84eb09ba4a2
16700000.0,19100000.0,Remember Me,Allen Coulter,2,33500000.0,5cbf57e7f1b3f84eb09ba4a3
11000.0,11000.0,Just Before I Go,Courteney Cox,1,11000.0,5cbf57e7f1b3f84eb09ba4a4
36200000.0,103000000.0,Scream,Wes Craven,16,579500000.0,5cbf57e7f1b3f84eb09ba4a5
1100000.0,2300000.0,Collide,Eran Creevy,2,2300000.0,5cbf57e7f1b3f84eb09ba4a6
50000000.0,154000000.0,Jerry Maguire,Cameron Crowe,9,450400000.0,5cbf57e7f1b3f84eb09ba4a7
4200000.0,4200000.0,The Water Diviner,Russell Crowe,1,4200000.0,5cbf57e7f1b3f84eb09ba4a8
9400000.0,38300000.0,Brooklyn,John Crowley,5,47100000.0,5cbf57e7f1b3f84eb09ba4a9
87100000.0,274100000.0,Gravity,Alfonso Cuaron,7,609700000.0,5cbf57e7f1b3f84eb09ba4aa
2000000.0,2000000.0,Desierto,Jonas Cuaron,1,2000000.0,5cbf57e7f1b3f84eb09ba4ab
23000000.0,23000000.0,Players Club,Ice Cube,1,23000000.0,5cbf57e7f1b3f84eb09ba4ac
8000000.0,36200000.0,American Assassin,Michael Cuesta,5,39900000.0,5cbf57e7f1b3f84eb09ba4ad
5000000.0,17400000.0,Chappaquiddick,John Curran,6,29800000.0,5cbf57e7f1b3f84eb09ba4ae
27100000.0,50500000.0,If I Stay,R.J. Cutler,2,54300000.0,5cbf57e7f1b3f84eb09ba4af
16700000.0,33400000.0,2016 Obama's America,Dinesh D'Souza,4,66900000.00000001,5cbf57e7f1b3f84eb09ba4b0
8600000.0,22900000.0,Rounders,John Dahl,8,68900000.0,5cbf57e7f1b3f84eb09ba4b1
25900000.0,41700000.0,The Hours,Stephen Daldry,5,129699999.99999999,5cbf57e7f1b3f84eb09ba4b2
41300000.0,116600000.0,The Butler,Lee Daniels,4,165300000.0,5cbf57e7f1b3f84eb09ba4b3
1000000.0,1000000.0,Wildlife,Paul Dano,1,1000000.0,5cbf57e7f1b3f84eb09ba4b4
54600000.0,136800000.0,Green Mile,Frank Darabont,4,218500000.0,5cbf57e7f1b3f84eb09ba4b5
152800000.0,216400000.0,Madagascar 3,Eric Darnell,5,764100000.0,5cbf57e7f1b3f84eb09ba4b6
52000000.0,183900000.0,The Fugitive,Andrew Davis,11,571800000.0,5cbf57e7f1b3f84eb09ba4b7
25000000.0,59900000.0,Little Miss Sunshine,Jonathan Dayton,3,75100000.0,5cbf57e7f1b3f84eb09ba4b8
108600000.0,187200000.0,The Croods,Kirk De Micco,2,217300000.0,5cbf57e7f1b3f84eb09ba4b9
35300000.0,181000000.0,Mission: Impossible,Brian De Palma,18,636100000.0,5cbf57e7f1b3f84eb09ba4ba
174900000.0,217600000.0,How to Train Your Dragon,Dean DeBlois,4,699500000.0,5cbf57e7f1b3f84eb09ba4bb
113700000.0,241700000.0,Twister,Jan DeBont,5,568600000.0,5cbf57e7f1b3f84eb09ba4bc
590000.0,1700000.0,Every Little Step,Adam Del Deo,3,1800000.0,5cbf57e7f1b3f84eb09ba4bd
47900000.0,101800000.0,Pacific Rim,Guillermo del Toro,10,479200000.0,5cbf57e7f1b3f84eb09ba4be
18200000.0,20400000.0,Brick Mansions,Camille Delamarre,2,36400000.0,5cbf57e7f1b3f84eb09ba4bf
1700000.0,4400000.0,2 Days in Paris,Julie Delpy,3,5100000.0,5cbf57e7f1b3f84eb09ba4c0
19600000.0,130699999.99999999,Silence of the Lambs,Jonathan Demme,20,391900000.0,5cbf57e7f1b3f84eb09ba4c1
68200000.0,72000000.0,The Purge: Anarchy,James DeMonaco,2,136400000.0,5cbf57e7f1b3f84eb09ba4c2
964000.0,2300000.0,Chocolat (1989),Claire Denis,4,3900000.0,5cbf57e7f1b3f84eb09ba4c3
93100000.0,232600000.0,Doctor Strange,Scott Derrickson,5,465700000.0,5cbf57e7f1b3f84eb09ba4c4
36800000.0,86900000.0,The War of the Roses,Danny DeVito,6,220600000.0,5cbf57e7f1b3f84eb09ba4c5
18600000.0,33700000.0,Geostorm,Dean Devlin,2,37100000.0,5cbf57e7f1b3f84eb09ba4c6
54300000.0,88700000.0,Failure to Launch,Tom Dey,4,217400000.0,5cbf57e7f1b3f84eb09ba4c7
11700000.0,11700000.0,Gone,Heitor Dhalia,1,11700000.0,5cbf57e7f1b3f84eb09ba4c8
919000.0,919000.0,Singh is Bling,Prabhu Dheva,1,919000.0,5cbf57e7f1b3f84eb09ba4c9
11400000.0,11400000.0,Unforgettable,Denise Di Novi,1,11400000.0,5cbf57e7f1b3f84eb09ba4ca
431000.0,1100000.0,Living in Oblivion,Tom DiCillo,5,2200000.0,5cbf57e7f1b3f84eb09ba4cb
166000.0,307000.0,This Film Is Not Yet Rated,Kirby Dick,5,831000.0,5cbf57e7f1b3f84eb09ba4cc
13900000.0,21600000.0,Bulletproof,Ernest R. Dickerson,6,83500000.0,5cbf57e7f1b3f84eb09ba4cd
71300000.0,209300000.0,Wedding Crashers,David Dobkin,6,427700000.0,5cbf57e7f1b3f84eb09ba4ce
313100000.0,356500000.0,Inside Out,Pete Docter,3,939400000.0,5cbf57e7f1b3f84eb09ba4cf
1800000.0,3500000.0,Mommy,Xavier Dolan,2,3600000.0,5cbf57e7f1b3f84eb09ba4d0
6400000.0,15000000.0,Killing Them Softly,Andrew Dominik,3,19200000.0,5cbf57e7f1b3f84eb09ba4d1
30200000.0,78200000.0,Cocktail,Roger Donaldson,15,452800000.0,5cbf57e7f1b3f84eb09ba4d2
71200000.0,147300000.0,Lethal Weapon 2,Richard Donner,16,1139300000.0,5cbf57e7f1b3f84eb09ba4d3
42700000.0,42700000.0,Krampus,Michael Dougherty,1,42700000.0,5cbf57e7f1b3f84eb09ba4d4
33600000.0,33600000.0,Devil,Drew Dowdle,1,33600000.0,5cbf57e7f1b3f84eb09ba4d5
28500000.0,33600000.0,Devil,John Erick Dowdle,4,113900000.0,5cbf57e7f1b3f84eb09ba4d6
3500000.0,6900000.0,Take Me Home Tonight,Michael Dowse,3,10500000.0,5cbf57e7f1b3f84eb09ba4d7
6900.0,6900.0,Hungry Hearts,Adam Driver,1,6900.0,5cbf57e7f1b3f84eb09ba4d8
38700000.0,49800000.0,Racing Stripes,Frederik Du Chau,3,116000000.0,5cbf57e7f1b3f84eb09ba4d9
36100000.0,49800000.0,Racing Stripes,Frederik Du Chou,2,72300000.0,5cbf57e7f1b3f84eb09ba4da
389000.0,389000.0,House of D,David Duchovny,1,389000.0,5cbf57e7f1b3f84eb09ba4db
78300000.0,163500000.0,Big Daddy,Dennis Dugan,14,1096700000.0,5cbf57e7f1b3f84eb09ba4dc
17800000.0,57300000.0,Sister Act 2: Back in the Habit,Bill Duke,7,124600000.0,5cbf57e7f1b3f84eb09ba4dd
7300000.0,7700000.0,The Collector,Marcus Dunstan,2,14600000.0,5cbf57e7f1b3f84eb09ba4de
2400000.0,7500000.0,Cyrus,Jay Duplass,5,12100000.0,5cbf57e7f1b3f84eb09ba4df
3000000.0,7500000.0,Cyrus,Mark Duplass,4,11900000.0,5cbf57e7f1b3f84eb09ba4e0
10400000.0,19900000.0,The Apostle,Robert Duvall,2,20900000.0,5cbf57e7f1b3f84eb09ba4e1
38200000.0,100500000.0,A Wrinkle in Time,Ava DuVernay,4,152900000.0,5cbf57e7f1b3f84eb09ba4e2
54300000.0,350100000.0,American Sniper,Clint Eastwood,36,1956100000.0,5cbf57e7f1b3f84eb09ba4e3
244400000.0,532200000.00000006,Rogue One,Gareth Edwards,3,733100000.0,5cbf57e7f1b3f84eb09ba4e4
1400000.0,3100000.0,Chloe,Atom Egoyan,5,6800000.0,5cbf57e7f1b3f84eb09ba4e5
36000.0,36000.0,Yardie,Idris Elba,1,36000.0,5cbf57e7f1b3f84eb09ba4e6
7600000.0,16500000.0,Eye of the Beholder,Stephan Elliot,4,30400000.0,5cbf57e7f1b3f84eb09ba4e7
38500000.0,66500000.0,The Final Destination,David R. Ellis,6,231100000.0,5cbf57e7f1b3f84eb09ba4e8
107700000.0,306200000.0,Independence Day,Roland Emmerich,12,1292200000.0,5cbf57e7f1b3f84eb09ba4e9
64400000.00000001,126800000.0,Sleepless in Seattle,Nora Ephron,8,515200000.00000006,5cbf57e7f1b3f84eb09ba4ea
28400000.0,83500000.0,I Can Only Imagine,Andrew Erwin,4,113700000.0,5cbf57e7f1b3f84eb09ba4eb
28400000.0,83500000.0,I Can Only Imagine,Jon Erwin,4,113700000.0,5cbf57e7f1b3f84eb09ba4ec
39500000.0,126400000.0,Safe House,Daniel Espinosa,4,158000000.0,5cbf57e7f1b3f84eb09ba4ed
334000.0,604000.0,Mean Creek,Jacob Aaron Estes,2,668000.0,5cbf57e7f1b3f84eb09ba4ee
24800000.0,28500000.0,Mr. Brooks,Bruce A. Evans,2,49700000.0,5cbf57e7f1b3f84eb09ba4ef
37200.0,37200.0,Before We Go,Chris Evans,1,37200.0,5cbf57e7f1b3f84eb09ba4f0
3400000.0,4099999.9999999995,The Raid: Redemption,Gareth Evans,2,6700000.0,5cbf57e7f1b3f84eb09ba4f1
2400000.0,2700000.0,The Good Lie,Philippe Falardeau,2,4700000.0,5cbf57e7f1b3f84eb09ba4f2
24200000.0,27400000.0,Brown Sugar,Rick Famuyiwa,3,72700000.0,5cbf57e7f1b3f84eb09ba4f3
25000000.0,59900000.0,Little Miss Sunshine,Valerie Faris,3,75100000.0,5cbf57e7f1b3f84eb09ba4f4
842000.0,842000.0,Higher Ground,Vera Farmiga,1,842000.0,5cbf57e7f1b3f84eb09ba4f5
66000000.0,176500000.0,Something About Mary,The Farrelly Bros.,12,792000000.0,5cbf57e7f1b3f84eb09ba4f6
166900000.0,364000000.0,The Jungle Book,Jon Favreau,8,1334900000.0,5cbf57e7f1b3f84eb09ba4f7
106300000.0,169100000.0,Bridesmaids,Paul Feig,6,638100000.0,5cbf57e7f1b3f84eb09ba4f8
57200000.0,64700000.0,Flushed Away,Sam Fell,3,171500000.0,5cbf57e7f1b3f84eb09ba4f9
924000.0,924000.0,Separate Lies,Julian Fellowes,1,924000.0,5cbf57e7f1b3f84eb09ba4fa
1900000.0,4300000.0,Inside Job,Charles Ferguson,3,5800000.0,5cbf57e7f1b3f84eb09ba4fb
14600000.0,23400000.0,Endless Love,Shana Feste,3,43800000.0,5cbf57e7f1b3f84eb09ba4fc
40800000.0,84400000.0,"Crazy, Stupid, Love.",Glenn Ficarra,4,163300000.0,5cbf57e7f1b3f84eb09ba4fd
60900000.0,90600000.0,The Game Plan,Andy Fickman,6,365600000.0,5cbf57e7f1b3f84eb09ba4fe
20700000.0,35900000.0,In the Bedroom,Todd Field,2,41400000.0,5cbf57e7f1b3f84eb09ba4ff
996000.0,1200000.0,The Invisible Woman,Ralph Fiennes,2,2000000.0,5cbf57e7f1b3f84eb09ba500
86500000.0,167800000.0,Gone Girl,David Fincher,10,865200000.0,5cbf57e7f1b3f84eb09ba501
36500000.0,50900000.0,Road to El Dorado,Will Finn,3,109400000.0,5cbf57e7f1b3f84eb09ba502
31400000.0,35100000.0,Ouija 2,Mike Flanagan,2,62800000.0,5cbf57e7f1b3f84eb09ba503
82100000.0,400000000.0,Captain Marvel,Ryan Fleck,5,410300000.0,5cbf57e7f1b3f84eb09ba504
93000000.0,213500000.0,Venom,Ruben Fleischer,4,372200000.0,5cbf57e7f1b3f84eb09ba505
15200000.0,25600000.0,Nancy Drew,Andrew Fleming,7,106600000.0,5cbf57e7f1b3f84eb09ba506
75600000.0,164000000.0,The Proposal,Anne Fletcher,5,377800000.0,5cbf57e7f1b3f84eb09ba507
17200.0,17200.0,Violet & Daisy,Geoffrey Fletcher,1,17200.0,5cbf57e7f1b3f84eb09ba508
4900000.0,5600000.0,Danny Collins,Dan Fogelman,2,9700000.0,5cbf57e7f1b3f84eb09ba509
25600000.0,114600000.0,Fifty Shades Darker,James Foley,13,333100000.0,5cbf57e7f1b3f84eb09ba50a
9900000.0,10700000.0,Nocturnal Animals,Tom Ford,2,19800000.0,5cbf57e7f1b3f84eb09ba50b
61400000.0,202400000.0,World War Z,Marc Forster,10,613700000.0,5cbf57e7f1b3f84eb09ba50c
21100000.0,41000000.0,Money Monster,Jodie Foster,4,84500000.0,5cbf57e7f1b3f84eb09ba50d
4200000.0,21100000.0,The Disaster Artist,James Franco,5,21200000.0,5cbf57e7f1b3f84eb09ba50e
15500000.0,26300000.0,A Walk Among the Tombstones,Scott Frank,2,30900000.0,5cbf57e7f1b3f84eb09ba50f
53600000.0,143200000.0,Marley and Me,David Frankel,7,375000000.0,5cbf57e7f1b3f84eb09ba510
24300000.0,41500000.0,High Crimes,Carl Franklin,6,145800000.0,5cbf57e7f1b3f84eb09ba511
12100000.0,56400000.0,The Queen,Stephen Frears,23,278300000.0,5cbf57e7f1b3f84eb09ba512
9700000.0,28600000.0,28 Weeks Later,Juan Carlos Fresnadillo,3,29000000.0,5cbf57e7f1b3f84eb09ba513
68500000.0,73000000.0,Hotel for Dogs,Thor Freudenthal,3,205600000.0,5cbf57e7f1b3f84eb09ba514
32200000.000000004,39700000.0,Epic Movie,Jason Friedberg,4,128800000.00000001,5cbf57e7f1b3f84eb09ba515
31000000.0,232900000.0,The Exorcist,William Friedkin,16,495400000.0,5cbf57e7f1b3f84eb09ba516
4600000.0,11200000.0,Jane Eyre,Cary Fukunaga,3,13900000.0,5cbf57e7f1b3f84eb09ba517
56100000.0,102100000.0,The Equalizer 2,Antoine Fuqua,13,729500000.0,5cbf57e7f1b3f84eb09ba518
30900000.0,58000000.0,The Lincoln Lawyer,Brad Furman,3,92800000.0,5cbf57e7f1b3f84eb09ba519
22900000.0,50800000.0,Syriana,Stephen Gaghan,3,68800000.0,5cbf57e7f1b3f84eb09ba51a
5900000.0,29800000.0,Double Take,George Gallo,7,41100000.0,5cbf57e7f1b3f84eb09ba51b
1400000.0,2400000.0,Buffalo '66,Vincent Gallo,2,2700000.0,5cbf57e7f1b3f84eb09ba51c
29100000.0,47000000.0,Silent Hill,Christophe Gans,2,58200000.0,5cbf57e7f1b3f84eb09ba51d
64500000.0,64500000.0,The Wedding Ringer,Jeremy Garelick,1,64500000.0,5cbf57e7f1b3f84eb09ba51e
29100000.0,32700000.000000004,Annihilation,Alex Garland,2,58200000.0,5cbf57e7f1b3f84eb09ba51f
7600000.0,15200000.0,The Last Exorcism Part II,Ed Gass-Donnelly,2,15200000.0,5cbf57e7f1b3f84eb09ba520
14200000.0,25800000.0,The Lazarus Effect,David Gelb,2,28400000.0,5cbf57e7f1b3f84eb09ba521
18500000.0,18500000.0,The Invention of Lying,Ricky Gervais,1,18500000.0,5cbf57e7f1b3f84eb09ba522
3300000.0,6000000.0,Hitchcock,Sacha Gervasi,2,6700000.0,5cbf57e7f1b3f84eb09ba523
24500000.0,49000000.0,Lady Bird,Greta Gerwig,2,49000000.0,5cbf57e7f1b3f84eb09ba524
117800000.0,370800000.0,Passion of the Christ,Mel Gibson,5,589200000.0,5cbf57e7f1b3f84eb09ba525
4100.0,4100.0,The Party's Just Beginning,Karen Gillan,1,4100.0,5cbf57e7f1b3f84eb09ba526
24000000.0,36500000.0,Million Dollar Arm,Craig Gillespie,6,144100000.0,5cbf57e7f1b3f84eb09ba527
19700000.0,57100000.0,12 Monkeys,Terry Gilliam,11,216400000.0,5cbf57e7f1b3f84eb09ba528
22200000.0,32400000.0,Nightcrawler,Dan Gilroy,2,44300000.0,5cbf57e7f1b3f84eb09ba529
67600000.0,113200000.0,The Bourne Legacy,Tony Gilroy,3,202800000.0,5cbf57e7f1b3f84eb09ba52a
5300000.0,18800000.0,Still Alice,Richard Glatzer,4,21300000.0,5cbf57e7f1b3f84eb09ba52b
66500000.0,115300000.0,Peter Rabbit,Will Gluck,5,332600000.0,5cbf57e7f1b3f84eb09ba52c
30000000.0,42100000.0,The Cabin in the Woods,Drew Goddard,2,59900000.0,5cbf57e7f1b3f84eb09ba52d
53800000.0,101500000.0,This is the End,Evan Goldberg,2,107600000.0,5cbf57e7f1b3f84eb09ba52e
19000000.0,19000000.0,Bed of Roses,Michael Goldenberg,1,19000000.0,5cbf57e7f1b3f84eb09ba52f
12600000.0,12600000.0,Winter's Tale,Akiva Goldsman,1,12600000.0,5cbf57e7f1b3f84eb09ba530
64000000.0,69200000.0,Game Night,Jonathan M. Goldstein,2,128100000.0,5cbf57e7f1b3f84eb09ba531
119000.0,222000.0,World's Greatest Dad,Bobcat Goldthwait,4,475000.0,5cbf57e7f1b3f84eb09ba532
13500000.0,98800000.0,The Green Hornet,Michel Gondry,12,162400000.0,5cbf57e7f1b3f84eb09ba533
47800000.0,183600000.0,The Revenant,Alejandro González Iñárritu,6,287100000.0,5cbf57e7f1b3f84eb09ba534
10800000.0,21400000.0,The Darkest Hour,Chris Gorak,2,21500000.0,5cbf57e7f1b3f84eb09ba535
67000000.0,118600000.0,Blades of Glory,Josh Gordon,3,201100000.0,5cbf57e7f1b3f84eb09ba536
568000.0,1500000.0,A Midnight Clear,Keith Gordon,5,2800000.0,5cbf57e7f1b3f84eb09ba537
86200000.0,134500000.0,Identity Thief,Seth Gordon,5,430900000.0,5cbf57e7f1b3f84eb09ba538
24500000.0,24500000.0,Don Jon,Joseph Gordon-Levitt,1,24500000.0,5cbf57e7f1b3f84eb09ba539
26100000.0,26100000.0,That Awkward Moment,Tom Gormican,1,26100000.0,5cbf57e7f1b3f84eb09ba53a
45400.0,45400.0,Lost River,Ryan Gosling,1,45400.0,5cbf57e7f1b3f84eb09ba53b
82100000.0,153300000.0,Scooby-Doo,Raja Gosnell,10,820800000.0,5cbf57e7f1b3f84eb09ba53c
38600000.0,52400000.0,Blade: Trinity,David S. Goyer,3,115700000.0,5cbf57e7f1b3f84eb09ba53d
12600000.0,30900000.0,Joyful Noise,Todd Graff,3,37800000.0,5cbf57e7f1b3f84eb09ba53e
4200000.0,6500000.0,Winter's Bone,Debra Granik,3,12600000.0,5cbf57e7f1b3f84eb09ba53f
15500000.0,15500000.0,Catch and Release,Susannah Grant,1,15500000.0,5cbf57e7f1b3f84eb09ba540
84200000.0,226000000.0,Fate of the Furious,F. Gary Gray,9,758000000.0,5cbf57e7f1b3f84eb09ba541
7400000.0,28600000.0,We Own the Night,James Gray,6,44300000.0,5cbf57e7f1b3f84eb09ba542
8000000.0,20400000.0,Glimmer Man,John Gray,3,24100000.0,5cbf57e7f1b3f84eb09ba543
60500000.0,82100000.0,Teenage Mutant Ninja Turtles 2,Dave Green,2,121000000.0,5cbf57e7f1b3f84eb09ba544
24000000.0,159300000.0,Halloween (2018),David Gordon Green,13,312000000.0,5cbf57e7f1b3f84eb09ba545
48400000.0,82400000.0,Let's Be Cops,Luke Greenfield,4,193800000.0,5cbf57e7f1b3f84eb09ba546
92600000.0,227500000.0,The Bourne Ultimatum,Paul Greengrass,8,740600000.0,5cbf57e7f1b3f84eb09ba547
2900000.0,2900000.0,Choke,Clark Gregg,1,2900000.0,5cbf57e7f1b3f84eb09ba548
23200000.0,23200000.0,Sanctum,Alister Grierson,1,23200000.0,5cbf57e7f1b3f84eb09ba549
6900000.0,18100000.0,Call Me by Your Name,Luca Guadagnino,4,27600000.0,5cbf57e7f1b3f84eb09ba54a
9100000.0,18700000.0,Best in Show,Christopher Guest,5,45700000.0,5cbf57e7f1b3f84eb09ba54b
7200000.0,24100000.0,An Inconvenient Truth,Davis Guggenheim,6,42900000.0,5cbf57e7f1b3f84eb09ba54c
182800000.0,389800000.0,Guardians of the Galaxy 2,James Gunn,4,731100000.0,5cbf57e7f1b3f84eb09ba54d
50200000.0,50200000.0,The Book of Life,Jorge R. Gutierrez,1,50200000.0,5cbf57e7f1b3f84eb09ba54e
30500000.0,129800000.00000001,An Officer and a Gentleman,Taylor Hackford,14,426800000.0,5cbf57e7f1b3f84eb09ba54f
27700000.0,72000000.0,1408,Mikael Hafstrom,6,166300000.0,5cbf57e7f1b3f84eb09ba550
20900000.0,54600000.0,Crash,Paul Haggis,4,83500000.0,5cbf57e7f1b3f84eb09ba551
80700.0,80700.0,Waking Sleeping Beauty,Don Hahn,1,80700.0,5cbf57e7f1b3f84eb09ba552
124600000.0,222500000.0,Big Hero 6,Don Hall,2,249200000.0,5cbf57e7f1b3f84eb09ba553
9500000.0,9500000.0,Thank You for Your Service (2017),Jason Dean Hall,1,9500000.0,5cbf57e7f1b3f84eb09ba554
90300000.0,90300000.0,Planes,Klay Hall,1,90300000.0,5cbf57e7f1b3f84eb09ba555
36600000.0,80000000.0,Dear John,Lasse Hallstrom,16,585700000.0,5cbf57e7f1b3f84eb09ba556
1100000.0,3200000.0,Carrington,Christopher Hampton,3,3400000.0,5cbf57e7f1b3f84eb09ba557
90000000.0,256000000.0,The Blind Side,John Lee Hancock,5,450100000.0,5cbf57e7f1b3f84eb09ba558
1900000.0,6700000.0,Amour,Michael Haneke,8,15400000.0,5cbf57e7f1b3f84eb09ba559
30700000.0,35600000.0,Larry Crowne,Tom Hanks,2,61500000.0,5cbf57e7f1b3f84eb09ba55a
37000000.0,116800000.0,8 Mile,Curtis Hanson,11,406800000.0,5cbf57e7f1b3f84eb09ba55b
37500000.0,192800000.0,Twilight,Catherine Hardwicke,8,300100000.0,5cbf57e7f1b3f84eb09ba55c
5900000.0,15800000.0,The Gospel,Rob Hardy,3,17800000.0,5cbf57e7f1b3f84eb09ba55d
760000.0,1300000.0,Wetherby,David Hare,3,2300000.0,5cbf57e7f1b3f84eb09ba55e
32900000.0,117500000.0,Die Hard 2,Renny Harlin,16,526700000.00000006,5cbf57e7f1b3f84eb09ba55f
26500000.0,26500000.0,Woman in Black 2,Tom Harper,1,26500000.0,5cbf57e7f1b3f84eb09ba560
229000.0,229000.0,Imaginary Heroes,Dan Harris,1,229000.0,5cbf57e7f1b3f84eb09ba561
14400000.0,20200000.0,Appaloosa,Ed Harris,2,28800000.0,5cbf57e7f1b3f84eb09ba562
491000.0,744000.0,Seymour: An Introduction,Ethan Hawke,3,1500000.0,5cbf57e7f1b3f84eb09ba563
73600000.0,154500000.0,Horton Hears a Who!,Jimmy Hayward,3,220800000.0,5cbf57e7f1b3f84eb09ba564
15000000.0,44700000.0,The Artist,Michel Hazanavicius,3,45100000.0,5cbf57e7f1b3f84eb09ba565
634000.0,819000.0,Sleeping with Other People,Leslye Headland,2,1300000.0,5cbf57e7f1b3f84eb09ba566
42700000.0,140100000.0,Look Who's Talking,Amy Heckerling,9,384000000.0,5cbf57e7f1b3f84eb09ba567
26400000.0,51900000.0,The Odd Life of Timothy Green,Peter Hedges,4,105700000.0,5cbf57e7f1b3f84eb09ba568
48500000.0,95000000.0,42,Brian Helgeland,5,242600000.0,5cbf57e7f1b3f84eb09ba569
19700000.0,24400000.0,15 Minutes,John Herzfeld,3,59200000.0,5cbf57e7f1b3f84eb09ba56a
1800000.0,5500000.0,Rescue Dawn,Werner Herzog,10,17900000.0,5cbf57e7f1b3f84eb09ba56b
28700000.0,75400000.0,Garfield,Peter Hewitt,6,171900000.0,5cbf57e7f1b3f84eb09ba56c
1100000.0,1700000.0,Factory Girl,George Hickenlooper,5,5700000.0,5cbf57e7f1b3f84eb09ba56d
25600000.0,60500000.0,The Lucky One,Scott Hicks,7,178900000.0,5cbf57e7f1b3f84eb09ba56e
7400000.0,7400000.0,Mid90s,Jonah Hill,1,7400000.0,5cbf57e7f1b3f84eb09ba56f
77600000.0,217300000.0,Alvin and the Chipmunks,Tim Hill,5,387800000.0,5cbf57e7f1b3f84eb09ba570
23200000.0,80800000.0,Another 48 HRS.,Walter Hill,17,395000000.0,5cbf57e7f1b3f84eb09ba571
15000000.0,37400000.0,Lawless,John Hillcoat,4,60100000.0,5cbf57e7f1b3f84eb09ba572
35500000.0,56100000.0,Primal Fear,Gregory Hoblit,6,213100000.0,5cbf57e7f1b3f84eb09ba573
18400000.0,18400000.0,Quartet,Dustin Hoffman,1,18400000.0,5cbf57e7f1b3f84eb09ba574
15100000.0,46200000.0,One Fine Day,Michael Hoffman,10,151100000.0,5cbf57e7f1b3f84eb09ba575
542000.0,542000.0,Jack Goes Boating,Philip Seymour Hoffman,1,542000.0,5cbf57e7f1b3f84eb09ba576
58700000.0,127100000.0,My Best Friend's Wedding,P.J. Hogan,4,235000000.0,5cbf57e7f1b3f84eb09ba577
8100000.0,17600000.0,Enough Said,Nicole Holofcener,5,40500000.0,5cbf57e7f1b3f84eb09ba578
74800000.0,148800000.0,Les Miserables,Tom Hooper,4,299200000.0,5cbf57e7f1b3f84eb09ba579
39000.0,69100.0,August (1996),Anthony Hopkins,2,78000.0,5cbf57e7f1b3f84eb09ba57a
27500000.0,69100000.0,Lost in Space,Stephen Hopkins,9,247900000.0,5cbf57e7f1b3f84eb09ba57b
84400000.0,260000000.0,The Grinch,Ron Howard,25,2109800000.0000002,5cbf57e7f1b3f84eb09ba57c
35800000.0,94800000.0,The Book of Eli,Albert Hughes,6,214600000.0,5cbf57e7f1b3f84eb09ba57d
33100000.0,94800000.0,The Book of Eli,Allen Hughes,6,198500000.0,5cbf57e7f1b3f84eb09ba57e
41200000.0,70100000.0,Ferris Bueller's Day Off,John Hughes,8,329500000.0,5cbf57e7f1b3f84eb09ba57f
38300000.0,75500000.0,The Hitman's Bodyguard,Patrick Hughes,3,114800000.0,5cbf57e7f1b3f84eb09ba580
3700000.0,3700000.0,Then She Found Me,Helen Hunt,1,3700000.0,5cbf57e7f1b3f84eb09ba581
6900000.0,20700000.0,Little Black Book,Nick Hurran,3,20800000.0,5cbf57e7f1b3f84eb09ba582
47600000.0,57000000.0,American Reunion,Jon Hurwitz,2,95100000.0,5cbf57e7f1b3f84eb09ba583
22800000.0,66900000.00000001,End of Days,Peter Hyams,15,341800000.0,5cbf57e7f1b3f84eb09ba584
6600000.0,18200000.0,Sugar Hill,Leon Ichaso,4,26500000.0,5cbf57e7f1b3f84eb09ba585
660000.0,1700000.0,Mrs. Palfrey at the Claremont,Dan Ireland,4,2600000.0,5cbf57e7f1b3f84eb09ba586
53900000.0,85400000.0,Power Rangers,Dean Israelite,2,107700000.0,5cbf57e7f1b3f84eb09ba587
7400000.0,26100000.0,Howards End,James Ivory,14,103800000.0,5cbf57e7f1b3f84eb09ba588
165600000.0,377800000.0,Return of the King,Peter Jackson,13,2152600000.0,5cbf57e7f1b3f84eb09ba589
984000.0,2200000.0,The Lovers,Azazel Jacobs,3,3000000.0,5cbf57e7f1b3f84eb09ba58a
33500000.0,66000000.0,Magic Mike XXL,Gregory Jacobs,2,66900000.00000001,5cbf57e7f1b3f84eb09ba58b
5000.0,5000.0,Bringing Up Bobby,Famke Janssen,1,5000.0,5cbf57e7f1b3f84eb09ba58c
1900000.0,3100000.0,Capturing the Friedmans,Andrew Jarecki,2,3700000.0,5cbf57e7f1b3f84eb09ba58d
7900000.0,7900000.0,Arbitrage,Nicholas Jarecki,1,7900000.0,5cbf57e7f1b3f84eb09ba58e
2700000.0,13700000.0,Broken Flowers,Jim Jarmusch,12,32600000.0,5cbf57e7f1b3f84eb09ba58f
21400000.0,27900000.0,Moonlight,Barry Jenkins,2,42800000.0,5cbf57e7f1b3f84eb09ba590
223500000.0,412600000.0,Wonder Woman,Patty Jenkins,2,447000000.0,5cbf57e7f1b3f84eb09ba591
107800000.0,270400000.0,Sing,Garth Jennings,3,323300000.0,5cbf57e7f1b3f84eb09ba592
145000000.0,267700000.0,Shrek,Vicky Jenson,3,434900000.0,5cbf57e7f1b3f84eb09ba593
13200000.0,47800000.0,Alien Resurrection,Jean-Pierre Jeunet,7,92500000.0,5cbf57e7f1b3f84eb09ba594
1700000.0,3200000.0,Before I Go To Sleep,Rowan Joffe,2,3500000.0,5cbf57e7f1b3f84eb09ba595
76600000.0,116900000.0,S.W.A.T.,Clark Johnson,2,153200000.0,5cbf57e7f1b3f84eb09ba596
3000000.0,5300000.0,The Skeleton Twins,Craig Johnson,2,5900000.0,5cbf57e7f1b3f84eb09ba597
53900000.0,115800000.0,Ghost Rider,Mark Steven Johnson,5,269300000.0,5cbf57e7f1b3f84eb09ba598
173100000.0,620200000.0,Star Wars: The Last Jedi,Rian Johnson,4,692300000.0,5cbf57e7f1b3f84eb09ba599
112400000.0,177400000.0,Home,Tim Johnson,4,449700000.0,5cbf57e7f1b3f84eb09ba59a
90100000.0,181200000.0,Jurassic Park III,Joe Johnston,9,811200000.0,5cbf57e7f1b3f84eb09ba59b
201100000.0,201100000.0,Wreck-It Ralph 2,Phil Johnston,1,201100000.0,5cbf57e7f1b3f84eb09ba59c
38800000.0,115600000.0,Unbroken,Angelina Jolie,3,116500000.0,5cbf57e7f1b3f84eb09ba59d
35700000.0,54700000.0,Source Code,Duncan Jones,3,107100000.0,5cbf57e7f1b3f84eb09ba59e
36400000.0,59700000.0,My Big Fat Greek Wedding 2,Kirk Jones,5,182000000.0,5cbf57e7f1b3f84eb09ba59f
3700000.0,5000000.0,The Three Burials of Melquiades Estrada,Tommy Lee Jones,2,7500000.0,5cbf57e7f1b3f84eb09ba5a0
37000000.0,77200000.0,Where the Wild Things Are,Spike Jonze,4,148200000.0,5cbf57e7f1b3f84eb09ba5a1
49900000.0,104000000.0,Paranormal Activity 3,Henry Joost,4,199800000.0,5cbf57e7f1b3f84eb09ba5a2
16800000.0,105300000.0,Interview with the Vampire,Neil Jordan,17,286200000.0,5cbf57e7f1b3f84eb09ba5a3
21300000.0,63100000.0,Beavis and Butt-Head Do America,Mike Judge,4,85200000.0,5cbf57e7f1b3f84eb09ba5a4
2200000.0,3900000.0,Me and You and Everyone We Know,Miranda July,2,4500000.0,5cbf57e7f1b3f84eb09ba5a5
1300000.0,6600000.0,The Grandmaster,Wong Kar Wai,10,13100000.0,5cbf57e7f1b3f84eb09ba5a6
86400000.0,404600000.0,Jumanji (2017),Jake Kasdan,7,605100000.0,5cbf57e7f1b3f84eb09ba5a7
27100000.0,56400000.0,The Big Chill,Lawrence Kasdan,11,297700000.0,5cbf57e7f1b3f84eb09ba5a8
18700000.0,18700000.0,The Choice,Ross Katz,1,18700000.0,5cbf57e7f1b3f84eb09ba5a9
3400000.0,3800000.0,Anomalisa,Charlie Kaufman,2,6800000.0,5cbf57e7f1b3f84eb09ba5aa
15600000.0,21200000.0,The Right Stuff,Philip Kaufman,2,31200000.0,5cbf57e7f1b3f84eb09ba5ab
145000.0,365000.0,Glen Campbell... I'll Be Me,James Keach,4,581000.0,5cbf57e7f1b3f84eb09ba5ac
22000000.0,36100000.0,Hanging Up,Diane Keaton,2,44000000.0,5cbf57e7f1b3f84eb09ba5ad
348000.0,348000.0,The Merry Gentleman,Michael Keaton,1,348000.0,5cbf57e7f1b3f84eb09ba5ae
43000000.0,73700000.0,Monster House,Gil Kenan,3,129000000.0,5cbf57e7f1b3f84eb09ba5af
36500000.0,67800000.0,War Room,Alex Kendrick,4,145900000.0,5cbf57e7f1b3f84eb09ba5b0
21700000.0,30600000.0,Open Water,Chris Kentis,2,43400000.0,5cbf57e7f1b3f84eb09ba5b1
102900000.0,290500000.0,The Empire Strikes Back,Irvin Kershner,4,411600000.0,5cbf57e7f1b3f84eb09ba5b2
45100000.0,69600000.0,Ya-Ya Sisterhood,Callie Khouri,2,90300000.0,5cbf57e7f1b3f84eb09ba5b3
19200000.0,40200000.0,Bridget Jones 2,Beeban Kidron,5,96100000.0,5cbf57e7f1b3f84eb09ba5b4
2600000.0,12100000.0,The Last Stand,Jee-woon Kim,5,12900000.0,5cbf57e7f1b3f84eb09ba5b5
124000000.0,152600000.0,Sex and the City,Michael Patrick King,2,248000000.0,5cbf57e7f1b3f84eb09ba5b6
58600000.0,76300000.0,Paddington,Paul King,2,117200000.0,5cbf57e7f1b3f84eb09ba5b7
83200000.0,83200000.0,Smallfoot,Karey Kirkpatrick,1,83200000.0,5cbf57e7f1b3f84eb09ba5b8
11500000.0,11500000.0,The Words,Brian Klugman,1,11500000.0,5cbf57e7f1b3f84eb09ba5b9
3300000.0,8500000.0,Serenity (2019),Steven Knight,3,10000000.0,5cbf57e7f1b3f84eb09ba5ba
87600000.0,127200000.0,Bumblebee,Travis Knight,2,175200000.0,5cbf57e7f1b3f84eb09ba5bb
19000000.0,48000000.0,Secret Window,David Koepp,6,114100000.0,5cbf57e7f1b3f84eb09ba5bc
48800000.0,48800000.0,I Feel Pretty,Abby Kohn,1,48800000.0,5cbf57e7f1b3f84eb09ba5bd
11700000.0,11700000.0,Knockaround Guys,Brian Koppelman,1,11700000.0,5cbf57e7f1b3f84eb09ba5be
43400000.0,75600000.0,2 Guns,Baltasar Kormakur,5,217100000.0,5cbf57e7f1b3f84eb09ba5bf
93200000.0,172100000.0,Tron Legacy,Joseph Kosinski,3,279500000.0,5cbf57e7f1b3f84eb09ba5c0
3900000.0,8300000.000000001,The Cooler,Wayne Kramer,4,15600000.0,5cbf57e7f1b3f84eb09ba5c1
63000000.0,188000000.0,A Quiet Place,John Krasinski,3,189100000.0,5cbf57e7f1b3f84eb09ba5c2
35000000.0,60500000.0,2001: A Space Odyssey,Stanley Kubrick,7,245200000.0,5cbf57e7f1b3f84eb09ba5c3
31900000.0,45600000.0,College Road Trip,Roger Kumble,5,159400000.0,5cbf57e7f1b3f84eb09ba5c4
46300000.0,80200000.0,The Mummy (2017),Alex Kurtzman,2,92700000.0,5cbf57e7f1b3f84eb09ba5c5
9100000.0,25900000.0,Aeon Flux,Karyn Kusama,5,45400000.0,5cbf57e7f1b3f84eb09ba5c6
27100000.0,94000000.0,He's Just Not That Into You,Ken Kwapis,9,244000000.0,5cbf57e7f1b3f84eb09ba5c7
16600000.000000002,42700000.0,Death at a Funeral (2010),Neil LaBute,9,149200000.0,5cbf57e7f1b3f84eb09ba5c8
20500000.0,53700000.0,P.S. I Love You,Richard LaGravenese,6,122800000.0,5cbf57e7f1b3f84eb09ba5c9
16100000.000000002,57500000.0,Pet Sematary,Mary Lambert,5,80600000.0,5cbf57e7f1b3f84eb09ba5ca
12000000.0,34500000.0,Concussion (2015),Peter Landesman,3,36000000.0,5cbf57e7f1b3f84eb09ba5cb
44800000.0,141600000.0,National Lampoon's Animal House,John Landis,15,672000000.0,5cbf57e7f1b3f84eb09ba5cc
30000000.0,55700000.0,Happy Death Day,Christopher B. Landon,4,119900000.0,5cbf57e7f1b3f84eb09ba5cd
4300000.0,14000000.0,Jackie,Pablo Larrain,4,17300000.0,5cbf57e7f1b3f84eb09ba5ce
207200000.0,245900000.0,Toy Story 2,John Lasseter,5,1036000000.0,5cbf57e7f1b3f84eb09ba5cf
12800000.0,12800000.0,Silent House,Laura Lau,1,12800000.0,5cbf57e7f1b3f84eb09ba5d0
42300.0,42300.0,Breathe,Melanie Laurent,1,42300.0,5cbf57e7f1b3f84eb09ba5d1
211600000.0,424700000.0,Catching Fire,Francis Lawrence,7,1481500000.0,5cbf57e7f1b3f84eb09ba5d2
60000000.0,140500000.0,Deep Impact,Mimi Leder,4,239900000.0,5cbf57e7f1b3f84eb09ba5d3
42200000.0,132199999.99999999,Hulk,Ang Lee,13,548300000.0,5cbf57e7f1b3f84eb09ba5d4
4600000.0,8900000.0,Battle of the Year,Benson Lee,2,9200000.0,5cbf57e7f1b3f84eb09ba5d5
400700000.0,400700000.0,Frozen,Jennifer Lee,1,400700000.0,5cbf57e7f1b3f84eb09ba5d6
49400000.0,115200000.0,Girls Trip,Malcolm D. Lee,10,494200000.0,5cbf57e7f1b3f84eb09ba5d7
5700000.0,5700000.0,The Warrior's Way,Sngmoo Lee,1,5700000.0,5cbf57e7f1b3f84eb09ba5d8
19500000.0,88500000.0,Inside Man,Spike Lee,22,429100000.0,5cbf57e7f1b3f84eb09ba5d9
16500000.0,42700000.0,Because I Said So,Michael Lehman,9,148100000.0,5cbf57e7f1b3f84eb09ba5da
3400000.0,13400000.0,Secrets & Lies,Mike Leigh,12,41300000.0,5cbf57e7f1b3f84eb09ba5db
139800000.0,324600000.0,Deadpool 2,David Leitch,3,419300000.0,5cbf57e7f1b3f84eb09ba5dc
73000000.0,139200000.0,The Santa Clause 2,Michael Lembeck,4,291800000.0,5cbf57e7f1b3f84eb09ba5dd
8800.0,8800.0,Hell Baby,Thomas Lennon & Ben Garant,1,8800.0,5cbf57e7f1b3f84eb09ba5de
44800000.0,84300000.0,Annabelle,John R. Leonetti,3,134500000.0,5cbf57e7f1b3f84eb09ba5df
64300000.0,64300000.0,The Nut Job,Peter Lepeniotis,1,64300000.0,5cbf57e7f1b3f84eb09ba5e0
81700000.0,163200000.0,Clash of the Titans,Louis Leterrier,6,490300000.0,5cbf57e7f1b3f84eb09ba5e1
9300000.0,18600000.0,Man on a Ledge,Asger Leth,2,18700000.0,5cbf57e7f1b3f84eb09ba5e2
120500000.0,198400000.0,Monsters Vs. Aliens,Rob Letterman,4,482100000.0,5cbf57e7f1b3f84eb09ba5e3
2800000.0,2800000.0,The Pyramid,Gregory Levasseur,1,2800000.0,5cbf57e7f1b3f84eb09ba5e4
11700000.0,11700000.0,Knockaround Guys,David Levien,1,11700000.0,5cbf57e7f1b3f84eb09ba5e5
38500000.0,66400000.00000001,Warm Bodies,Jonathan Levine,5,192400000.0,5cbf57e7f1b3f84eb09ba5e6
36900000.0,172800000.0,Rain Man,Barry Levinson,22,812700000.0,5cbf57e7f1b3f84eb09ba5e7
102800000.0,250900000.0,Night at the Museum,Shawn Levy,11,1130300000.0,5cbf57e7f1b3f84eb09ba5e8
191500000.0,191500000.0,Cars 2,Brad Lewis,1,191500000.0,5cbf57e7f1b3f84eb09ba5e9
86100000.0,191200000.0,Ninja Turtles,Jonathan Liebesman,5,430500000.0,5cbf57e7f1b3f84eb09ba5ea
41500.0,41500.0,Fat Kid Rules the World,Matthew Lillard,1,41500.0,5cbf57e7f1b3f84eb09ba5eb
63600000.0,186300000.0,Mr. & Mrs. Smith,Doug Liman,9,572600000.0,5cbf57e7f1b3f84eb09ba5ec
105700000.0,238700000.0,Fast & Furious 6,Justin Lin,8,845900000.0,5cbf57e7f1b3f84eb09ba5ed
4900000.0,4900000.0,The Apparition,Todd Lincoln,1,4900000.0,5cbf57e7f1b3f84eb09ba5ee
203000.0,203000.0,10 Years,Jamie Linden,1,203000.0,5cbf57e7f1b3f84eb09ba5ef
11300000.0,81300000.0,School of Rock,Richard Linklater,18,203900000.0,5cbf57e7f1b3f84eb09ba5f0
12400000.0,33000000.0,Tron,Steven Lisberger,3,37200000.0,5cbf57e7f1b3f84eb09ba5f1
11400000.0,48800000.0,Firewall,Richard Loncraine,7,79800000.0,5cbf57e7f1b3f84eb09ba5f2
19000000.0,47700000.0,Manchester by the Sea,Kenneth Lonergan,3,56900000.0,5cbf57e7f1b3f84eb09ba5f3
68900000.0,106800000.0,Chicken Run,Peter Lord,2,137900000.0,5cbf57e7f1b3f84eb09ba5f4
178200000.0,257800000.0,The LEGO Movie,Phil Lord,4,712800000.0,5cbf57e7f1b3f84eb09ba5f5
35800000.0,35800000.0,Trouble with the Curve,Robert Lorenz,1,35800000.0,5cbf57e7f1b3f84eb09ba5f6
290700000.0,474500000.0,The Phantom Menace,George Lucas,6,1743900000.0,5cbf57e7f1b3f84eb09ba5f7
70400000.0,113300000.0,Bad Moms,Jon Lucas,3,211100000.0,5cbf57e7f1b3f84eb09ba5f8
30800000.0,57700000.0,Takers,John Luessenhop,3,92500000.0,5cbf57e7f1b3f84eb09ba5f9
62000000.0,144800000.0,The Great Gatsby,Baz Luhrmann,5,309900000.0,5cbf57e7f1b3f84eb09ba5fa
60100000.0,96500000.0,Legally Blonde,Robert Luketic,7,421000000.0,5cbf57e7f1b3f84eb09ba5fb
5600000.0,5600000.0,Cesar Chavez,Diego Luna,1,5600000.0,5cbf57e7f1b3f84eb09ba5fc
10000000.0,18200000.0,Last Castle,Rod Lurie,5,49800000.0,5cbf57e7f1b3f84eb09ba5fd
31800000.0,51500000.0,My Bloody Valentine 3-D,Patrick Lussier,3,95300000.0,5cbf57e7f1b3f84eb09ba5fe
10900000.0,30900000.0,Dune,David Lynch,9,98100000.0,5cbf57e7f1b3f84eb09ba5ff
8500000.0,37000000.0,State of Play,Kevin Macdonald,10,84800000.0,5cbf57ecf1b3f84eb09ba600
114500000.0,218800000.0,Ted,Seth MacFarlane,3,343400000.0,5cbf57ecf1b3f84eb09ba601
47900.0,58300.0,Rudderless,William H. Macy,2,95800.0,5cbf57ecf1b3f84eb09ba602
23400000.0,100300000.0,Shakespeare in Love,John Madden,11,257500000.0,5cbf57ecf1b3f84eb09ba603
303000.0,583000.0,W.E.,Madonna,2,606000.0,5cbf57ecf1b3f84eb09ba604
31900000.0,71500000.0,Bridget Jones's Diary,Sharon Maguire,3,95800000.0,5cbf57ecf1b3f84eb09ba605
8400000.0,36400000.0,Thin Red Line,Terrence Malick,8,67500000.0,5cbf57ecf1b3f84eb09ba606
6000000.0,23500000.0,Heist,David Mamet,10,60000000.0,5cbf57ecf1b3f84eb09ba607
78200000.0,226300000.0,Logan,James Mangold,10,782400000.0,5cbf57ecf1b3f84eb09ba608
47600000.0,101000000.0,Collateral,Michael Mann,11,524100000.0,5cbf57ecf1b3f84eb09ba609
2800000.0,2800000.0,The Identical,Dustin Marcellino,1,2800000.0,5cbf57ecf1b3f84eb09ba60a
62300000.0,62300000.0,Underworld Awakening,Mars Marlind,1,62300000.0,5cbf57ecf1b3f84eb09ba60b
63100000.0,81600000.0,Eight Below,Frank Marshall,4,252600000.0,5cbf57ecf1b3f84eb09ba60c
56900000.0,178400000.0,Pretty Woman,Garry Marshall,18,1023400000.0,5cbf57ecf1b3f84eb09ba60d
58200000.0,115200000.0,Big,Penny Marshall,7,407300000.0,5cbf57ecf1b3f84eb09ba60e
131500000.0,241100000.0,Pirates of the Caribbean 4,Rob Marshall,6,788900000.0,5cbf57ecf1b3f84eb09ba60f
255000.0,255000.0,Dean,Demetri Martin,1,255000.0,5cbf57ecf1b3f84eb09ba610
1000000.0,1000000.0,A Home at the End of the World,Michael Mayer,1,1000000.0,5cbf57ecf1b3f84eb09ba611
12900000.0,25900000.0,Superhero Movie,Craig Mazin,2,25900000.0,5cbf57ecf1b3f84eb09ba612
17600000.0,45100000.0,Spotlight,Tom McCarthy,4,70400000.0,5cbf57ecf1b3f84eb09ba613
70000000.0,70000000.0,Act of Valor,Mike McCoy,1,70000000.0,5cbf57ecf1b3f84eb09ba614
4500000.0,5400000.0,The Guard,John Michael McDonagh,2,9000000.0,5cbf57ecf1b3f84eb09ba615
80100000.0,125300000.0,Terminator Salvation,McG,6,480500000.0,5cbf57ecf1b3f84eb09ba616
7000000.0,22200000.0,Emma,Douglas McGrath,5,34800000.0,5cbf57ecf1b3f84eb09ba617
182700000.0,216400000.0,Madagascar 3,Tom McGrath,5,913400000.0,5cbf57ecf1b3f84eb09ba618
544000.0,544000.0,American Pastoral,Ewan McGregor,1,544000.0,5cbf57ecf1b3f84eb09ba619
99800000.0,148200000.0,Talladega Nights,Adam McKay,7,698600000.0,5cbf57ecf1b3f84eb09ba61a
25100000.0,25100000.0,Killer Elite,Gary McKendry,1,25100000.0,5cbf57ecf1b3f84eb09ba61b
69500000.0,69500000.0,The First Purge,Gerard McMurray,1,69500000.0,5cbf57ecf1b3f84eb09ba61c
15000000.0,43900000.0,Soul Surfer,Sean McNamara,5,74900000.0,5cbf57ecf1b3f84eb09ba61d
125300000.0,220200000.0,Mission: Impossible 6,Christopher McQuarrie,4,501300000.0,5cbf57ecf1b3f84eb09ba61e
25800000.0,56700000.0,12 Years a Slave,Steve McQueen (II),4,103100000.0,5cbf57ecf1b3f84eb09ba61f
42900000.0,70500000.0,V for Vendetta,James McTeigue,4,171500000.0,5cbf57ecf1b3f84eb09ba620
55500000.0,122000000.0,Hunt for Red October,John McTiernan,11,610900000.0,5cbf57ecf1b3f84eb09ba621
4500000.0,19200000.0,Species II,Peter Medak,6,27200000.0,5cbf57ecf1b3f84eb09ba622
74400000.0,139900000.0,Taken 2,Olivier Megaton,4,297500000.0,5cbf57ecf1b3f84eb09ba623
106900000.0,169600000.0,Hidden Figures,Theodore Melfi,2,213700000.0,5cbf57ecf1b3f84eb09ba624
119100000.0,304400000.0,Skyfall,Sam Mendes,7,834000000.0,5cbf57ecf1b3f84eb09ba625
104300000.0,182800000.0,What Women Want,Nancy Meyers,6,625600000.0,5cbf57ecf1b3f84eb09ba626
1100000.0,1100000.0,The Rover,David Michod,2,2200000.0,5cbf57ecf1b3f84eb09ba627
38800000.0,75600000.0,Moneyball,Bennett Miller,3,116500000.0,5cbf57ecf1b3f84eb09ba628
236000000.0,322700000.0,Shrek the Third,Chris Miller,2,472000000.0,5cbf57ecf1b3f84eb09ba629
35900000.0,74100000.0,Sin City,Frank Miller,3,107700000.0,5cbf57ecf1b3f84eb09ba62a
60400000.0,198000000.0,Happy Feet,George Miller,10,603500000.0,5cbf57ecf1b3f84eb09ba62b
52500000.0,52500000.0,No Good Deed,Sam Miller,1,52500000.0,5cbf57ecf1b3f84eb09ba62c
178200000.0,257800000.0,The LEGO Movie,Chris Miller (II),4,712800000.0,5cbf57ecf1b3f84eb09ba62d
4300000.0,5800000.0,Beginners,Mike Mills,3,12800000.0,5cbf57ecf1b3f84eb09ba62e
43500000.0,95600000.0,Cold Mountain,Anthony Minghella,6,261200000.0,5cbf57ecf1b3f84eb09ba62f
123900000.0,422800000.0,Lion King,Rob Minkoff,7,867200000.0,5cbf57ecf1b3f84eb09ba630
1800000.0,3100000.0,Hedwig and the Angry Inch,John Cameron Mitchell,4,7400000.0,5cbf57ecf1b3f84eb09ba631
116900000.0,238700000.0,Shrek Forever After,Mike Mitchell,8,935300000.0,5cbf57ecf1b3f84eb09ba632
48500.0,48500.0,Tales from Earthsea,Goro Miyazaki,1,48500.0,5cbf57ecf1b3f84eb09ba633
6300000.0,15700000.0,Ponyo,Hayao Miyazaki,7,44400000.0,5cbf57ecf1b3f84eb09ba634
12200.0,16100.000000000002,London Boulevard,William Monahan,2,24300.0,5cbf57ecf1b3f84eb09ba635
7300000.0,8100000.0,Bella,Alejandro Monteverde,2,14600000.0,5cbf57ecf1b3f84eb09ba636
76000000.0,87000000.0,Sisters,Jason Moore,2,152000000.0,5cbf57ecf1b3f84eb09ba637
48500000.0,67300000.0,A Good Day to Die Hard,John Moore,5,242500000.0,5cbf57ecf1b3f84eb09ba638
19800000.0,119200000.0,Fahrenheit 9/11,Michael Moore,10,197600000.0,5cbf57ecf1b3f84eb09ba639
243900000.0,341300000.0,Zootopia,Rich Moore,3,731800000.0,5cbf57ecf1b3f84eb09ba63a
70400000.0,113300000.0,Bad Moms,Scott Moore,3,211100000.0,5cbf57ecf1b3f84eb09ba63b
43300000.0,145000000.0,Taken,Pierre Morel,5,216400000.0,5cbf57ecf1b3f84eb09ba63c
1300000.0,4200000.0,The Fog of War,Errol Morris,8,10100000.0,5cbf57ecf1b3f84eb09ba63d
38400000.0,121500000.0,Superbad,Greg Mottola,5,191900000.0,5cbf57ecf1b3f84eb09ba63e
750000.0,1100000.0,The Messenger,Oren Moverman,3,2200000.0,5cbf57ecf1b3f84eb09ba63f
49600000.0,163600000.0,The Pursuit of Happyness,Gabriele Muccino,5,247900000.0,5cbf57ecf1b3f84eb09ba640
13500.0,13500.0,Paper Man,Kieran Mulroney,1,13500.0,5cbf57ecf1b3f84eb09ba641
13500.0,13500.0,Paper Man,Michele Mulroney,1,13500.0,5cbf57ecf1b3f84eb09ba642
27700000.0,54100000.0,TMNT,Kevin Munroe,2,55300000.0,5cbf57ecf1b3f84eb09ba643
43800000.0,80600000.0,Eat Pray Love,Ryan Murphy,2,87600000.0,5cbf57ecf1b3f84eb09ba644
58000000.0,106600000.0,300: Rise of An Empire,Noam Murro,2,116100000.0,5cbf57ecf1b3f84eb09ba645
199600000.0,327500000.0,It,Andres Muschietti,2,399100000.0,5cbf57ecf1b3f84eb09ba646
213000.0,213000.0,Supermensch: The Legend of Shep Gordon,Mike Myers,1,213000.0,5cbf57ecf1b3f84eb09ba647
14000000.0,14000000.0,What's Your Number?,Mark Mylod,1,14000000.0,5cbf57ecf1b3f84eb09ba648
8400000.0,16100000.000000002,Vanity Fair,Mira Nair,10,83600000.0,5cbf57ecf1b3f84eb09ba649
8800000.0,17000000.0,Splice,Vincenzo Natali,2,17500000.0,5cbf57ecf1b3f84eb09ba64a
15000000.0,35300000.0,Selena,Gregory Nava,4,60000000.0,5cbf57ecf1b3f84eb09ba64b
28500000.0,51800000.0,Ghost Rider 2,Mark Neveldine,4,113800000.0,5cbf57ecf1b3f84eb09ba64c
41600000.0,290200000.0,Harry Potter / Goblet of Fire,Mike Newell,14,582000000.0,5cbf57ecf1b3f84eb09ba64d
896000.0,896000.0,The Glass Menagerie,Paul Newman,1,896000.0,5cbf57ecf1b3f84eb09ba64e
18500000.0,37500000.0,In Time,Andrew Niccol,6,110800000.0,5cbf57ecf1b3f84eb09ba64f
7000000.0,21600000.0,Mud,Jeff Nichols,5,34800000.0,5cbf57ecf1b3f84eb09ba650
45200000.0,124100000.0,Birdcage,Mike Nichols,16,722500000.0,5cbf57ecf1b3f84eb09ba651
785000.0,785000.0,Firelight,William Nicholson,1,785000.0,5cbf57ecf1b3f84eb09ba652
36100000.0,36100000.0,Walking with Dinosaurs,Neil Nightingale,1,36100000.0,5cbf57ecf1b3f84eb09ba653
44300000.0,80600000.0,Texas Chainsaw Massacre,Marcus Nispel,4,177100000.0,5cbf57ecf1b3f84eb09ba654
24000000.0,24000000.0,Don't Be Afraid of the Dark,Troy Nixey,1,24000000.0,5cbf57ecf1b3f84eb09ba655
549000.0,817000.0,Climax,Gaspar Noe,4,2200000.0,5cbf57ecf1b3f84eb09ba656
182400000.0,535200000.00000006,The Dark Knight,Christopher Nolan,11,2006700000.0,5cbf57ecf1b3f84eb09ba657
34700000.0,62500000.0,The Adjustment Bureau,George Nolfi,2,69400000.0,5cbf57ecf1b3f84eb09ba658
34600000.0,54700000.0,Project X,Nima Nourizadeh,2,69200000.0,5cbf57ecf1b3f84eb09ba659
43600000.0,122200000.0,Clear and Present Danger,Phillip Noyce,13,567200000.0,5cbf57ecf1b3f84eb09ba65a
10500000.0,11900000.0,Sydney White,Joe Nussbaum,3,31500000.0,5cbf57ecf1b3f84eb09ba65b
15800.0,15800.0,Anchor Baby,Lonzo Nzekwe,1,15800.0,5cbf57ecf1b3f84eb09ba65c
30500000.0,86300000.0,The Accountant,Gavin O'Connor,6,182900000.0,5cbf57ecf1b3f84eb09ba65d
60400000.0,108400000.0,When Nature Calls,Steve Oedekerk,4,241500000.0,5cbf57ecf1b3f84eb09ba65e
51200000.0,90600000.0,High School Musical 3,Kenny Ortega,4,205000000.0,5cbf57ecf1b3f84eb09ba65f
48000000.0,71100000.0,The Score,Frank Oz,12,575400000.0,5cbf57ecf1b3f84eb09ba660
10400000.0,58600000.0,RoboCop,Jose Padilha,6,62300000.0,5cbf57ecf1b3f84eb09ba661
34500000.0,100800000.0,Pelican Brief,Alan J. Pakula,12,413800000.0,5cbf57ecf1b3f84eb09ba662
13700000.0,13700000.0,Hit and Run,David Palmer,1,13700000.0,5cbf57ecf1b3f84eb09ba663
61400000.0,110300000.0,Fun with Dick and Jane,Dean Parisot,4,245600000.0,5cbf57ecf1b3f84eb09ba664
7800000.0,18500000.0,Ideal Husband,Oliver Parker,5,38800000.0,5cbf57ecf1b3f84eb09ba665
28500000.0,52000000.0,"South Park - Bigger, Longer and Uncut",Trey Parker,3,85400000.0,5cbf57ecf1b3f84eb09ba666
39500000.0,82600000.0,The Descendants,Alexander Payne,7,276400000.0,5cbf57ecf1b3f84eb09ba667
6700000.0,6700000.0,Hotel Artemis,Drew Pearce,1,6700000.0,5cbf57ecf1b3f84eb09ba668
173200000.0,176000000.0,Get Out,Jordan Peele,2,346400000.0,5cbf57ecf1b3f84eb09ba669
19200000.0,35300000.0,Carrie,Kimberly Peirce,3,57700000.0,5cbf57ecf1b3f84eb09ba66a
54000000.0,107900000.0,Paranormal Activity,Oren Peli,2,107900000.0,5cbf57ecf1b3f84eb09ba66b
9200000.0,35700000.0,Mothman Prophecies,Mark Pellington,7,64400000.00000001,5cbf57ecf1b3f84eb09ba66c
9600000.0,18400000.0,Into the Wild,Sean Penn,2,19200000.0,5cbf57ecf1b3f84eb09ba66d
76700.0,116000.0,The Grand,Zak Penn,2,153000.0,5cbf57ecf1b3f84eb09ba66e
6300000.0,24800000.0,Our Idiot Brother,Jesse Peretz,5,31600000.0,5cbf57ecf1b3f84eb09ba66f
93000.0,200000.0,Listen Up Philip,Alex Ross Perry,5,465000.0,5cbf57ecf1b3f84eb09ba670
50600000.0,90500000.0,Madea Goes to Jail,Tyler Perry,20,1012300000.0,5cbf57ecf1b3f84eb09ba671
77500000.0,182600000.0,Perfect Storm,Wolfgang Petersen,10,775100000.0,5cbf57ecf1b3f84eb09ba672
293000000.0,293000000.0,Up,Bob Peterson,1,293000000.0,5cbf57ecf1b3f84eb09ba673
81700000.0,155200000.0,San Andreas,Brad Peyton,5,408500000.0,5cbf57ecf1b3f84eb09ba674
23000000.0,23000000.0,Transcendence,Wally Pfister,1,23000000.0,5cbf57ecf1b3f84eb09ba675
103800000.0,277300000.0,The Hangover,Todd Phillips,10,1038099999.9999999,5cbf57ecf1b3f84eb09ba676
36900000.0,50300000.0,Hot Tub Time Machine,Steve Pink,4,147600000.0,5cbf57ecf1b3f84eb09ba677
28400000.0,55700000.0,Happy Death Day,Gregory Plotkin,3,85100000.0,5cbf57ecf1b3f84eb09ba678
8500000.0,8500000.0,The Quiet Ones,John Pogue,1,8500000.0,5cbf57ecf1b3f84eb09ba679
34700000.0,101300000.0,Stir Crazy,Sidney Poitier,4,138600000.0,5cbf57ecf1b3f84eb09ba67a
11300000.0,32600000.0,The Pianist,Roman Polanski,13,147200000.0,5cbf57ecf1b3f84eb09ba67b
59600000.0,177200000.0,Tootsie,Sydney Pollack,13,774500000.0,5cbf57ecf1b3f84eb09ba67c
2500000.0,4600000.0,Away from Her,Sarah Polley,3,7400000.0,5cbf57ecf1b3f84eb09ba67d
6200000.0,20500000.0,The Circle,James Ponsoldt,5,30800000.0,5cbf57ecf1b3f84eb09ba67e
572000.0,572000.0,A Tale of Love and Darkness,Natalie Portman,1,572000.0,5cbf57ecf1b3f84eb09ba67f
26600000.0,37800000.0,The Secret Life of Bees,Gina Prince-Bythewood,3,79800000.0,5cbf57ecf1b3f84eb09ba680
53500000.0,144800000.0,"I, Robot",Alex Proyas,6,321000000.0,5cbf57ecf1b3f84eb09ba681
33100000.0,47600000.0,Into The Storm,Steven Quale,3,99200000.0,5cbf57ecf1b3f84eb09ba682
5500000.0,21800000.0,Il Postino,Michael Radford,7,38500000.0,5cbf57ecf1b3f84eb09ba683
272000.0,327000.0,Liberal Arts,Josh Radnor,2,543000.0,5cbf57ecf1b3f84eb09ba684
109000000.0,403700000.0,Spider-Man,Sam Raimi,14,1526700000.0,5cbf57ecf1b3f84eb09ba685
39600000.0,106900000.0,Analyze This,Harold Ramis,11,435700000.0,5cbf57ecf1b3f84eb09ba686
1200000.0,2500000.0,You Were Never Really Here,Lynne Ramsay,4,4800000.0,5cbf57ecf1b3f84eb09ba687
113100000.0,234400000.0,X-Men: The Last Stand,Brett Ratner,10,1130800000.0,5cbf57ecf1b3f84eb09ba688
18500000.0,33200000.000000004,Breach,Billy Ray,3,55600000.0,5cbf57ecf1b3f84eb09ba689
30500000.0,75400000.0,Horse Whisperer,Robert Redford,9,274800000.0,5cbf57ecf1b3f84eb09ba68a
117000000.0,216600000.0,Ant-Man and the Wasp,Peyton Reed,6,701900000.0,5cbf57ecf1b3f84eb09ba68b
100000.0,100000.0,Man of Tai Chi,Keanu Reeves,1,100000.0,5cbf57ecf1b3f84eb09ba68c
90700000.0,208500000.0,Dawn of the Planet of the Apes,Matt Reeves,5,453300000.0,5cbf57ecf1b3f84eb09ba68d
7500000.0,35100000.0,Drive (2011),Nicolas Winding Refn,5,37300000.0,5cbf57ecf1b3f84eb09ba68e
578000.0,1100000.0,Certain Women,Kelly Reichardt,6,3500000.0,5cbf57ecf1b3f84eb09ba68f
34000000.0,141300000.0,A Few Good Men,Rob Reiner,20,679400000.0,5cbf57ecf1b3f84eb09ba690
73300000.0,242200000.0,Ghostbusters,Ivan Reitman,15,1099600000.0,5cbf57ecf1b3f84eb09ba691
36700000.0,143500000.0,Juno,Jason Reitman,8,293900000.0,5cbf57ecf1b3f84eb09ba692
300500000.0,368400000.0,The Secret Life of Pets,Chris Renaud,4,1202000000.0,5cbf57ecf1b3f84eb09ba693
40800000.0,84400000.0,"Crazy, Stupid, Love.",John Requa,4,163300000.0,5cbf57ecf1b3f84eb09ba694
40700000.0,165500000.0,Robin Hood: Prince of Thieves,Kevin Reynolds,9,365900000.0,5cbf57ecf1b3f84eb09ba695
558000.0,558000.0,A Little Chaos,Alan Rickman,1,558000.0,5cbf57ecf1b3f84eb09ba696
173000.0,341000.0,Jimi: All Is By My Side,John Ridley,2,346000.0,5cbf57ecf1b3f84eb09ba697
2000000.0,7900000.0,The Chase,Adam Rifkin,6,12200000.0,5cbf57ecf1b3f84eb09ba698
38400000.0,38400000.0,47 Ronin,Carl Rinsch,1,38400000.0,5cbf57ecf1b3f84eb09ba699
57900000.0,209000000.0,Sherlock Holmes,Guy Ritchie,9,521000000.0,5cbf57ecf1b3f84eb09ba69a
121700000.0,279300000.0,Meet the Fockers,Jay Roach,9,1095400000.0,5cbf57ecf1b3f84eb09ba69b
32900000.0,95700000.0,Norbit,Brian Robbins,10,329400000.0,5cbf57ecf1b3f84eb09ba69c
15600000.0,39400000.0,Dead Man Walking,Tim Robbins,3,46700000.0,5cbf57ecf1b3f84eb09ba69d
194000.0,194000.0,Around the Bend,Jordan Roberts,1,194000.0,5cbf57ecf1b3f84eb09ba69e
2000000.0,3100000.0,Obvious Child,Gillian Robespierre,2,4099999.9999999995,5cbf57ecf1b3f84eb09ba69f
44700000.0,63000000.0,The Last Song,Julie Anne Robinson,2,89400000.0,5cbf57ecf1b3f84eb09ba6a0
25300000.0,38100000.0,Head of State,Chris Rock,3,76000000.0,5cbf57ecf1b3f84eb09ba6a1
46600000.0,112700000.0,Spy Kids,Robert Rodriguez,17,792000000.0,5cbf57ecf1b3f84eb09ba6a2
53800000.0,101500000.0,This is the End,Seth Rogen,2,107600000.0,5cbf57ecf1b3f84eb09ba6a3
17000000.0,31600000.0,One Hour Photo,Mark Romanek,2,34000000.0,5cbf57ecf1b3f84eb09ba6a4
87000000.0,172600000.0,Pirates of the Caribbean 5,Joachim Ronning,2,174100000.0,5cbf57ecf1b3f84eb09ba6a5
11000000.0,36800000.0,Bounce,Don Roos,4,44000000.0,5cbf57ecf1b3f84eb09ba6a6
3600000.0,10700000.0,The Drop,Michael Roskam,3,10900000.0,5cbf57ecf1b3f84eb09ba6a7
146000000.0,408000000.0,The Hunger Games,Gary Ross,5,729900000.0,5cbf57ecf1b3f84eb09ba6a8
28000000.0,68500000.0,House With A Clock In Its Walls,Eli Roth,7,195900000.0,5cbf57ecf1b3f84eb09ba6a9
35500000.0,93600000.0,America's Sweethearts,Joe Roth,6,213200000.0,5cbf57ecf1b3f84eb09ba6aa
31400000.0,101600000.0,Sleeping with the Enemy,Joseph Ruben,9,282700000.0,5cbf57ecf1b3f84eb09ba6ab
13800.0,13800.0,Sympathy for Delicious,Mark Ruffalo,1,13800.0,5cbf57ecf1b3f84eb09ba6ac
65200000.0,150100000.0,American Hustle,David O. Russell,8,521799999.99999994,5cbf57ecf1b3f84eb09ba6ad
33800000.0,74500000.0,Ladder 49,Jay Russell,5,168800000.0,5cbf57ecf1b3f84eb09ba6ae
284500000.0,678800000.0,Avengers: Infinity War,Anthony Russo,5,1422600000.0,5cbf57ecf1b3f84eb09ba6af
284500000.0,678800000.0,Avengers: Infinity War,Joe Russo,5,1422600000.0,5cbf57ecf1b3f84eb09ba6b0
132000000.0,196600000.0,Ice Age 3,Carlos Saldanha,8,1056099999.9999999,5cbf57ecf1b3f84eb09ba6b1
584000.0,584000.0,Salinger,Shane Salerno,1,584000.0,5cbf57ecf1b3f84eb09ba6b2
27100000.0,37900000.0,Jeepers Creepers,Victor Salva,4,108400000.0,5cbf57ecf1b3f84eb09ba6b3
96600000.0,120400000.0,Shazam!,David F. Sandberg,3,289800000.0,5cbf57ecf1b3f84eb09ba6b4
87000000.0,172600000.0,Pirates of the Caribbean 5,Espen Sandberg,2,174100000.0,5cbf57ecf1b3f84eb09ba6b5
40400000.0,46700000.0,Goosebumps 2,Ari Sandel,2,80700000.0,5cbf57ecf1b3f84eb09ba6b6
183500000.0,217600000.0,How to Train Your Dragon,Chris Sanders,3,550500000.0,5cbf57ecf1b3f84eb09ba6b7
97900000.0,155300000.0,Snow White and the Huntsman,Rupert Sanders,2,195900000.0,5cbf57ecf1b3f84eb09ba6b8
1700000.0,3200000.0,Green Room,Jeremy Saulnier,2,3500000.0,5cbf57ecf1b3f84eb09ba6b9
19300000.0,56400000.0,White Noise,Geoffrey Sax,3,57800000.0,5cbf57ecf1b3f84eb09ba6ba
5700000.0,7100000.0,Seeking a Friend for the End of the World,Lorene Scafaria,2,11300000.0,5cbf57ecf1b3f84eb09ba6bb
268500000.0,268500000.0,Monsters University,Dan Scanlon,1,268500000.0,5cbf57ecf1b3f84eb09ba6bc
22500000.0,22500000.0,Burt Wonderstone,Don Scardino,1,22500000.0,5cbf57ecf1b3f84eb09ba6bd
19600000.0,35400000.0,The Watch,Akiva Schaffer,3,58900000.0,5cbf57ecf1b3f84eb09ba6be
17800000.0,17800000.0,Eurotrip,Jeff Schaffer,1,17800000.0,5cbf57ecf1b3f84eb09ba6bf
6100000.0,13800000.0,One Day,Lone Scherfig,5,30300000.0,5cbf57ecf1b3f84eb09ba6c0
47600000.0,57000000.0,American Reunion,Hayden Schlossberg,2,95100000.0,5cbf57ecf1b3f84eb09ba6c1
2700000.0,6000000.0,The Diving Bell and the Butterfly,Julian Schnabel,6,16000000.0,5cbf57ecf1b3f84eb09ba6c2
4200000.0,22700000.0,American Gigolo,Paul Schrader,15,63300000.0,5cbf57ecf1b3f84eb09ba6c3
17700000.0,32000000.0,Paper Towns,Jake Schreier,2,35300000.0,5cbf57ecf1b3f84eb09ba6c4
15200000.0,48000000.0,Single White Female,Barbet Schroeder,9,136700000.0,5cbf57ecf1b3f84eb09ba6c5
49900000.0,104000000.0,Paranormal Activity 3,Ariel Schulman,4,199800000.0,5cbf57ecf1b3f84eb09ba6c6
20400000.0,51400000.0,Like Mike,John Schultz,6,122400000.0,5cbf57ecf1b3f84eb09ba6c7
43800000.0,184000000.0,Batman Forever,Joel Schumacher,22,963000000.0,5cbf57ecf1b3f84eb09ba6c8
9400000.0,9400000.0,Fun Size,Josh Schwartz,1,9400000.0,5cbf57ecf1b3f84eb09ba6c9
67700000.0,130199999.99999999,Insurgent,Robert Schwentke,7,473600000.0,5cbf57ecf1b3f84eb09ba6ca
3100000.0,6000000.0,Run Fat Boy Run,David Schwimmer,2,6100000.0,5cbf57ecf1b3f84eb09ba6cb
42800000.0,132400000.0,The Departed,Martin Scorsese,24,1027900000.0000001,5cbf57ecf1b3f84eb09ba6cc
13700000.0,30700000.0,Delivery Man,Ken Scott,3,41200000.0,5cbf57ecf1b3f84eb09ba6cd
69200000.0,228400000.0,The Martian,Ridley Scott,24,1661100000.0,5cbf57ecf1b3f84eb09ba6ce
68300000.0,179800000.0,Top Gun,Tony Scott,16,1092600000.0,5cbf57ecf1b3f84eb09ba6cf
84400000.0,158100000.0,The Longest Yard,Peter Segal,10,843500000.0,5cbf57ecf1b3f84eb09ba6d0
46200000.0,75300000.0,Coraline,Henry Selick,4,184700000.0,5cbf57ecf1b3f84eb09ba6d1
35500000.0,48500000.0,Date Movie,Aaron Seltzer,5,177400000.0,5cbf57ecf1b3f84eb09ba6d2
17000000.0,21600000.0,Shining Through,David Seltzer,3,50900000.0,5cbf57ecf1b3f84eb09ba6d3
41800000.0,101600000.0,Gone in 60 Seconds,Dominic Sena,5,208900000.0,5cbf57ecf1b3f84eb09ba6d4
490000.0,490000.0,Breathe (2017),Andy Serkis,1,490000.0,5cbf57ecf1b3f84eb09ba6d5
111600000.0,242800000.0,Bruce Almighty,Tom Shadyac,8,892700000.0,5cbf57ecf1b3f84eb09ba6d6
83600000.0,132699999.99999999,Bringing Down the House,Adam Shankman,9,752200000.0,5cbf57ecf1b3f84eb09ba6d7
537000.0,1600000.0,Your Sister's Sister,Lynn Shelton,6,3200000.0,5cbf57ecf1b3f84eb09ba6d8
17500000.0,17500000.0,Father Figures,Larry Sher,1,17500000.0,5cbf57ecf1b3f84eb09ba6d9
18000000.0,31000000.0,Get Rich or Die Tryin',Jim Sheridan,8,143700000.0,5cbf57ecf1b3f84eb09ba6da
56300000.0,56300000.0,Dracula Untold,Gary Shore,1,56300000.0,5cbf57ecf1b3f84eb09ba6db
112000000.0,293500000.0,Sixth Sense,M. Night Shyamalan,12,1344600000.0,5cbf57ecf1b3f84eb09ba6dc
35700000.0,89300000.0,Father of the Bride,Charles Shyer,7,249700000.0,5cbf57ecf1b3f84eb09ba6dd
59900000.0,104900000.0,Pitch Perfect 3,Trish Sie,2,119800000.0,5cbf57ecf1b3f84eb09ba6de
235000.0,235000.0,Big Fan,Robert D. Siegel,1,235000.0,5cbf57ecf1b3f84eb09ba6df
59000000.0,118600000.0,Lemony Snicket,Brad Silberling,6,354000000.0,5cbf57ecf1b3f84eb09ba6e0
226000.0,577000.0,The Maid,Sebastián Silva,3,678000.0,5cbf57ecf1b3f84eb09ba6e1
6700000.0,13300000.0,Mod Squad,Scott Silver,2,13300000.0,5cbf57ecf1b3f84eb09ba6e2
174600000.0,289900000.0,"Monsters, Inc.",David Silverman,3,523900000.0,5cbf57ecf1b3f84eb09ba6e3
48800000.0,48800000.0,I Feel Pretty,Marc Silverstein,1,48800000.0,5cbf57ecf1b3f84eb09ba6e4
135800000.0,233900000.0,X-Men: Days of Future Past,Bryan Singer,10,1358500000.0,5cbf57ecf1b3f84eb09ba6e5
51700000.0,127200000.0,2 Fast 2 Furious,John Singleton,9,465200000.0,5cbf57ecf1b3f84eb09ba6e6
113700000.0,300500000.0,The Twilight Saga: Eclipse,David Slade,3,341100000.0,5cbf57ecf1b3f84eb09ba6e7
170000.0,170000.0,God's Pocket,John Slattery,1,170000.0,5cbf57ecf1b3f84eb09ba6e8
32000000.0,32000000.0,She's Out of My League,Jim Field Smith,1,32000000.0,5cbf57ecf1b3f84eb09ba6e9
18800000.0,44900000.0,Cop Out,Kevin Smith,11,206700000.0,5cbf57ecf1b3f84eb09ba6ea
46500000.0,46500000.0,Arthur Christmas,Sarah Smith,1,46500000.0,5cbf57ecf1b3f84eb09ba6eb
105000000.0,126600000.0,Bee Movie,Simon J. Smith,2,210000000.0,5cbf57ecf1b3f84eb09ba6ec
165000000.0,330400000.0,Batman v Superman,Zack Snyder,8,1319600000.0,5cbf57ecf1b3f84eb09ba6ed
38400000.0,183400000.0,Ocean's Eleven,Steven Soderbergh,28,1074900000.0,5cbf57ecf1b3f84eb09ba6ee
23200000.0,50300000.0,K-PAX,Iain Softley,6,139200000.0,5cbf57ecf1b3f84eb09ba6ef
14000000.0,16300000.0,An American Haunting,Courtney Solomon,3,42000000.0,5cbf57ecf1b3f84eb09ba6f0
210000.0,210000.0,Levity,Ed Solomon,1,210000.0,5cbf57ecf1b3f84eb09ba6f1
1200000.0,4600000.0,Welcome to the Dollhouse,Todd Solondz,8,9800000.0,5cbf57ecf1b3f84eb09ba6f2
88300000.0,202000000.0,Mummy Returns,Stephen Sommers,8,706300000.0,5cbf57ecf1b3f84eb09ba6f3
98000000.0,250700000.0,Men in Black,Barry Sonnenfeld,11,1078300000.0,5cbf57ecf1b3f84eb09ba6f4
78500000.0,83000000.0,Turbo,David Soren,2,156900000.0,5cbf57ecf1b3f84eb09ba6f5
28800000.0,28800000.0,Molly's Game,Aaron Sorkin,1,28800000.0,5cbf57ecf1b3f84eb09ba6f6
67000000.0,118600000.0,Blades of Glory,Will Speck,3,201100000.0,5cbf57ecf1b3f84eb09ba6f7
35100000.0,35100000.0,Step Up Revolution,Scott Speer,1,35100000.0,5cbf57ecf1b3f84eb09ba6f8
59700000.0,59700000.0,Son of God,Christopher Spencer,1,59700000.0,5cbf57ecf1b3f84eb09ba6f9
52600000.0,121700000.0,Wayne's World,Penelope Spheeris,5,263100000.00000003,5cbf57ecf1b3f84eb09ba6fa
141600000.0,435100000.0,E.T.,Steven Spielberg,33,4672200000.0,5cbf57ecf1b3f84eb09ba6fb
6900000.0,28900000.0,One Direction: This is Us,Morgan Spurlock,6,41500000.0,5cbf57ecf1b3f84eb09ba6fc
8500000.0,8500000.0,Legends of Oz: Dorothy's Return,Dan St. Pierre,1,8500000.0,5cbf57ecf1b3f84eb09ba6fd
50800000.0,50800000.0,The Boxtrolls,Anthony Stacchi,1,50800000.0,5cbf57ecf1b3f84eb09ba6fe
67500000.0,92000000.0,John Wick 2,Chad Stahelski,2,135100000.0,5cbf57ecf1b3f84eb09ba6ff
78300000.0,127900000.0,Rocky IV,Sylvester Stallone,8,626300000.0,5cbf57ecf1b3f84eb09ba700
41000000.0,41000000.0,The Last Exorcism,Daniel Stamm,1,41000000.0,5cbf57ecf1b3f84eb09ba701
291000000.0,486300000.0,Finding Dory,Andrew Stanton,4,1164000000.0,5cbf57ecf1b3f84eb09ba702
27800000.0,64200000.0,17 Again,Burr Steers,4,111000000.0,5cbf57ecf1b3f84eb09ba703
62300000.0,62300000.0,Underworld Awakening,Bjorn Stein,1,62300000.0,5cbf57ecf1b3f84eb09ba704
5100000.0,18700000.0,Michael Jordan (IMAX),James D. Stern,4,20400000.0,5cbf57ecf1b3f84eb09ba705
16200000.0,16300000.0,Swing Vote,Joshua Michael Stern,2,32400000.0,5cbf57ecf1b3f84eb09ba706
319000.0,319000.0,Winter Solstice,Josh Sternfeld,1,319000.0,5cbf57ecf1b3f84eb09ba707
11500000.0,11500000.0,The Words,Lee Sternthal,1,11500000.0,5cbf57ecf1b3f84eb09ba708
28900000.0,40200000.0,Legion,Scott Charles Stewart,3,86700000.0,5cbf57ecf1b3f84eb09ba709
54000000.0,110500000.0,Tropic Thunder,Ben Stiller,6,324000000.0,5cbf57ecf1b3f84eb09ba70a
4700000.0,14000000.0,Love & Friendship,Whit Stillman,6,28300000.0,5cbf57ecf1b3f84eb09ba70b
16600000.000000002,40400000.0,Blue Crush,John Stockwell,5,83200000.0,5cbf57ecf1b3f84eb09ba70c
14700000.0,40400000.0,You Got Served,Chris Stokes,3,44000000.0,5cbf57ecf1b3f84eb09ba70d
71900000.0,150200000.0,Neighbors,Nick Stoller,6,431300000.0,5cbf57ecf1b3f84eb09ba70e
40300000.0,138500000.0,Platoon,Oliver Stone,19,766000000.0,5cbf57ecf1b3f84eb09ba70f
24800000.0,56400000.0,Drumline,Charles Stone III,5,123800000.0,5cbf57ecf1b3f84eb09ba710
97700000.0,154700000.0,Fantastic Four (2005),Tim Story,8,781900000.0,5cbf57ecf1b3f84eb09ba711
31600000.0,41800000.0,Aliens Vs. Predator - Requiem,Greg Strause,2,63200000.0,5cbf57ecf1b3f84eb09ba712
41900000.0,48700000.0,Isn't It Romantic,Todd Strauss-Schulson,2,83700000.0,5cbf57ecf1b3f84eb09ba713
52000000.0,74800000.0,The Prince of Tides,Barbra Streisand,3,156100000.0,5cbf57ecf1b3f84eb09ba714
241400000.0,241400000.0,Maleficent,Robert Stromberg,1,241400000.0,5cbf57ecf1b3f84eb09ba715
378000.0,378000.0,Rebel in the Rye,Danny Strong,1,378000.0,5cbf57ecf1b3f84eb09ba716
65599999.99999999,125000000.0,The Vow,Michael Sucsy,2,131100000.0,5cbf57ecf1b3f84eb09ba717
23900000.0,33400000.0,2016 Obama's America,John Sullivan,2,47900000.0,5cbf57ecf1b3f84eb09ba718
383000.0,383000.0,Hesher,Spencer Susser,1,383000.0,5cbf57ecf1b3f84eb09ba719
109000.0,109000.0,"Truth or Consequences, N.M.",Kiefer Sutherland,1,109000.0,5cbf57ecf1b3f84eb09ba71a
104000.0,343000.0,Drinking Buddies,Joe Swanberg,5,521000.0,5cbf57ecf1b3f84eb09ba71b
3100000.0,3100000.0,Wild Tales,Damian Szifron,1,3100000.0,5cbf57ecf1b3f84eb09ba71c
9100000.0,9600000.0,Popstar,Jorma Taccone,2,18200000.0,5cbf57ecf1b3f84eb09ba71d
40300000.0,160900000.0,Die Another Day,Lee Tamahori,8,322500000.0,5cbf57ecf1b3f84eb09ba71e
72100000.0,162800000.0,Django Unchained,Quentin Tarantino,9,649200000.0,5cbf57ecf1b3f84eb09ba71f
44900000.0,83500000.0,Immortals,Tarsem,5,224300000.0,5cbf57ecf1b3f84eb09ba720
148100000.0,206400000.0,Thor: The Dark World,Alan Taylor,2,296100000.0,5cbf57ecf1b3f84eb09ba721
28500000.0,51800000.0,Ghost Rider 2,Brian Taylor,4,113800000.0,5cbf57ecf1b3f84eb09ba722
69000000.0,169700000.0,The Help,Tate Taylor,4,275800000.0,5cbf57ecf1b3f84eb09ba723
83800000.0,166200000.0,Fifty Shades of Grey,Sam Taylor-Johnson,2,167600000.0,5cbf57ecf1b3f84eb09ba724
13200000.0,25900000.0,Frida,Julie Taymor,4,52800000.0,5cbf57ecf1b3f84eb09ba725
66400000.00000001,179500000.0,Hitch,Andy Tennant,9,598000000.0,5cbf57ecf1b3f84eb09ba726
1200000.0,1200000.0,Heights,Chris Terrio,1,1200000.0,5cbf57ecf1b3f84eb09ba727
80500000.0,219600000.0,Alvin and the Chipmunks 2,Betty Thomas,7,563300000.0,5cbf57ecf1b3f84eb09ba728
14800.0,14800.0,Jayne Mansfield's Car,Billy Bob Thornton,1,14800.0,5cbf57ecf1b3f84eb09ba729
92100000.0,150400000.0,We're the Millers,Rawson Marshall Thurber,5,460700000.0,5cbf57ecf1b3f84eb09ba72a
163000000.0,163000000.0,SpongeBob,Paul Tibbitt,1,163000000.0,5cbf57ecf1b3f84eb09ba72b
23000000.0,40000000.0,A Haunted House,Michael Tiddes,3,69100000.0,5cbf57ecf1b3f84eb09ba72c
31500000.0,48800000.0,Men of Honor,"George Tillman, Jr.",7,220300000.0,5cbf57ecf1b3f84eb09ba72d
57300.0,57300.0,Finding Amanda,Peter Tolan,1,57300.0,5cbf57ecf1b3f84eb09ba72e
31600000.0,31600000.0,House at the End of The Street,Mark Tonderai,1,31600000.0,5cbf57ecf1b3f84eb09ba72f
60300000.0,64599999.99999999,Chronicle,Josh Trank,2,120700000.0,5cbf57ecf1b3f84eb09ba730
28600000.0,72300000.0,Vantage Point,Pete Travis,3,85700000.0,5cbf57ecf1b3f84eb09ba731
89100000.0,117200000.0,Jackass 3-D,Jeff Tremaine,4,356300000.0,5cbf57ecf1b3f84eb09ba732
220300000.0,652300000.0,Jurassic World,Colin Trevorrow,3,660800000.0,5cbf57ecf1b3f84eb09ba733
3000000.0,12000000.0,Big Night,Stanley Tucci,5,15100000.0,5cbf57ecf1b3f84eb09ba734
95700000.0,220000000.0,National Treasure: Book of Secrets,Jon Turteltaub,11,1052800000.0,5cbf57ecf1b3f84eb09ba735
28200000.0,57800000.0,The Chronicles of Riddick,David Twohy,6,169200000.0,5cbf57ecf1b3f84eb09ba736
8500000.0,27100000.0,Cloud Atlas,Tom Tykwer,8,68200000.0,5cbf57ecf1b3f84eb09ba737
48100000.0,100000000.0,Passengers,Morten Tyldum,4,192500000.0,5cbf57ecf1b3f84eb09ba738
34700000.0,124000000.0,City Slickers,Ron Underwood,7,243200000.0,5cbf57ecf1b3f84eb09ba739
308300000.0,415000000.0,Toy Story 3,Lee Unkrich,5,1541300000.0,5cbf57ecf1b3f84eb09ba73a
19500000.0,37900000.0,Wild (2014),Jean-Marc Vallee,4,78200000.0,5cbf57ecf1b3f84eb09ba73b
21700000.0,21700000.0,The Quest,Jean-Claude Van Damme,1,21700000.0,5cbf57ecf1b3f84eb09ba73c
17000000.0,138400000.0,Good Will Hunting,Gus Van Sant,17,289400000.0,5cbf57ecf1b3f84eb09ba73d
2500000.0,2500000.0,Truth,James Vanderbilt,1,2500000.0,5cbf57ecf1b3f84eb09ba73e
11000.0,11000.0,I Hate Valentine's Day,Nia Vardalos,1,11000.0,5cbf57ecf1b3f84eb09ba73f
30900000.0,80300000.0,What Happens in Vegas,Tom Vaughan,3,92600000.0,5cbf57ecf1b3f84eb09ba740
77300000.0,146400000.0,X-Men: First Class,Matthew Vaughn,6,464000000.0,5cbf57ecf1b3f84eb09ba741
70800.0,103000.0,Henry's Crime,Malcolm Venville,2,142000.0,5cbf57ecf1b3f84eb09ba742
152900000.0,423300000.0,Dead Man's Chest,Gore Verbinski,10,1529400000.0,5cbf57ecf1b3f84eb09ba743
49500000.0,119400000.0,Total Recall,Paul Verhoeven,9,445700000.0,5cbf57ecf1b3f84eb09ba744
238400000.0,441200000.0,Shrek 2,Conrad Vernon,4,953700000.0,5cbf57ecf1b3f84eb09ba745
43400000.0,100500000.0,Arrival,Denis Villeneuve,7,303800000.0,5cbf57ecf1b3f84eb09ba746
84700000.0,168100000.0,Kong: Skull Island,Jordan Vogt-Roberts,2,169400000.0,5cbf57ecf1b3f84eb09ba747
102100000.0,281600000.0,The Matrix Reloaded,Lilly & Lana Wachowski,7,714600000.0,5cbf57ecf1b3f84eb09ba748
6900.0,9500.0,Tru Loved,Stewart Wade,2,13900.0,5cbf57ecf1b3f84eb09ba749
26300000.0,41400000.0,Truth or Dare,Jeff Wadlow,4,105100000.0,5cbf57ecf1b3f84eb09ba74a
21500000.0,67300000.0,Role Models,David Wain,4,85800000.0,5cbf57ecf1b3f84eb09ba74b
64800000.0,315100000.0,Thor: Ragnarok,Taika Waititi,5,324200000.0,5cbf57ecf1b3f84eb09ba74c
71600000.0,91400000.0,Heaven is for Real,Randall Wallace,4,286200000.0,5cbf57ecf1b3f84eb09ba74d
62600.0,62600.0,Meet Bill,Melisa Wallack,1,62600.0,5cbf57ecf1b3f84eb09ba74e
127500000.0,353000000.0,Furious 7,James Wan,9,1147900000.0,5cbf57ecf1b3f84eb09ba74f
36300000.0,57700000.0,Fences,Denzel Washington,3,109000000.0,5cbf57ecf1b3f84eb09ba750
47600000.0,110200000.0,Freaky Friday,Mark S. Waters,10,475900000.0,5cbf57ecf1b3f84eb09ba751
18100000.0,54300000.0,The Woman in Black,James Watkins,3,54400000.0,5cbf57ecf1b3f84eb09ba752
42900000.0,42900000.0,Snitch,Ric Roman Waugh,1,42900000.0,5cbf57ecf1b3f84eb09ba753
37900000.0,70000000.0,Act of Valor,Scott Waugh,3,113600000.0,5cbf57ecf1b3f84eb09ba754
66700000.0,157000000.0,Scary Movie,Keenen Ivory Wayans,6,400200000.0,5cbf57ecf1b3f84eb09ba755
104500000.0,262000000.0,The Amazing Spider-Man,Marc Webb,5,522700000.00000006,5cbf57ecf1b3f84eb09ba756
111400000.0,176400000.0,Ice Age,Chris Wedge,4,445500000.0,5cbf57ecf1b3f84eb09ba757
2800000.0,2800000.0,How to Lose Friends and Alienate People,Robert B. Weide,1,2800000.0,5cbf57ecf1b3f84eb09ba758
45400000.0,125600000.0,Truman Show,Peter Weir,10,454000000.0,5cbf57ecf1b3f84eb09ba759
81900000.0,296600000.0,New Moon,Chris Weitz,6,491700000.0,5cbf57ecf1b3f84eb09ba75a
40800000.0,148400000.0,Little Fockers,Paul Weitz,11,449100000.0,5cbf57ecf1b3f84eb09ba75b
18600000.0,37700000.0,August: Osage County,John Wells,3,55800000.0,5cbf57ecf1b3f84eb09ba75c
37100000.0,101400000.0,Prince of Egypt,Simon Wells,6,222500000.0,5cbf57ecf1b3f84eb09ba75d
2700000.0,4900000.0,Vamp,Richard Wenk,2,5400000.0,5cbf57ecf1b3f84eb09ba75e
71000000.0,131199999.99999999,Tomb Raider,Simon West,7,497300000.0,5cbf57ecf1b3f84eb09ba75f
58100.0,101000.0,The House of the Devil,Ti West,6,348000.0,5cbf57ecf1b3f84eb09ba760
5300000.0,18800000.0,Still Alice,Wash Westmoreland,5,26400000.0,5cbf57ecf1b3f84eb09ba761
32100000.0,52200000.0,Insidious Chapter 3,Leigh Whannell,2,64200000.0,5cbf57ecf1b3f84eb09ba762
278100000.0,623400000.0,The Avengers,Joss Whedon,4,1112200000.0,5cbf57ecf1b3f84eb09ba763
45400000.0,67099999.99999999,Waiting to Exhale,Forest Whitaker,3,136200000.0,5cbf57ecf1b3f84eb09ba764
24700000.0,24700000.0,Lottery Ticket,Erik White,1,24700000.0,5cbf57ecf1b3f84eb09ba765
1800000.0,2100000.0,Brad's Status,Mike White,2,3700000.0,5cbf57ecf1b3f84eb09ba766
50900000.0,50900000.0,Ouija,Stiles White,1,50900000.0,5cbf57ecf1b3f84eb09ba767
10700000.0,29000000.0,Nanny McPhee Returns,Susanna White,3,32200000.000000004,5cbf57ecf1b3f84eb09ba768
35600000.0,70200000.0,Big Momma's House 2,John Whitesell,6,213500000.0,5cbf57ecf1b3f84eb09ba769
16700000.0,25300000.0,The Woman in Red,Gene Wilder,2,33299999.999999996,5cbf57ecf1b3f84eb09ba76a
168300000.0,222500000.0,Big Hero 6,Chris Williams,2,336600000.0,5cbf57ecf1b3f84eb09ba76b
11800.0,11800.0,The Dry Land,Ryan Piers Williams,1,11800.0,5cbf57ecf1b3f84eb09ba76c
29600000.0,84800000.0,Paranormal Activity 2,Tod Williams,3,88700000.0,5cbf57ecf1b3f84eb09ba76d
548000.0,1100000.0,50 to 1,Jim Wilson,2,1100000.0,5cbf57ecf1b3f84eb09ba76e
127000.0,127000.0,The Wendell Baker Story,Luke Wilson,1,127000.0,5cbf57ecf1b3f84eb09ba76f
9900000.0,18500000.0,Ultraviolet,Kurt Wimmer,2,19700000.0,5cbf57ecf1b3f84eb09ba770
33000000.0,33000000.0,Arthur (2011),Jason Winer,1,33000000.0,5cbf57ecf1b3f84eb09ba771
13200000.0,20800000.0,Blair Witch,Adam Wingard,3,39600000.0,5cbf57ecf1b3f84eb09ba772
36500000.0,83000000.0,Charlotte's Web,Gary Winick,7,255200000.0,5cbf57ecf1b3f84eb09ba773
16900000.0,50700000.0,The Net,Irwin Winkler,7,118000000.0,5cbf57ecf1b3f84eb09ba774
1000000.0,9200000.0,A Mighty Heart,Michael Winterbottom,21,21300000.0,5cbf57ecf1b3f84eb09ba775
27900000.0,55700000.0,Hansel and Gretel,Tommy Wirkola,2,55800000.0,5cbf57ecf1b3f84eb09ba776
76900000.0,134500000.0,Live Free or Die Hard,Len Wiseman,4,307700000.0,5cbf57ecf1b3f84eb09ba777
27400000.0,48200000.0,The House Bunny,Fred Wolf,2,54800000.0,5cbf57ecf1b3f84eb09ba778
40200000.0,54100000.0,Final Destination 3,James Wong,4,160700000.0,5cbf57ecf1b3f84eb09ba779
75200000.0,215400000.0,Mission: Impossible II,John Woo,7,526400000.0,5cbf57ecf1b3f84eb09ba77a
23400000.0,36400000.0,Beauty Shop,Bille Woodruff,4,93700000.0,5cbf57ecf1b3f84eb09ba77b
5700000.0,5700000.0,For Greater Glory,Dean Wright,1,5700000.0,5cbf57ecf1b3f84eb09ba77c
40500000.0,107800000.0,Baby Driver,Edgar Wright,5,202500000.0,5cbf57ecf1b3f84eb09ba77d
38000000.0,56500000.0,Darkest Hour,Joe Wright,7,265700000.0,5cbf57ecf1b3f84eb09ba77e
54100000.0,176800000.0,Rise of the Planet of the Apes,Rupert Wyatt,4,216400000.0,5cbf57ecf1b3f84eb09ba77f
31700000.0,115700000.0,Remember the Titans,Boaz Yakin,7,221900000.0,5cbf57ecf1b3f84eb09ba780
1100000.0,1100000.0,Papa: Hemingway in Cuba,Bob Yari,1,1100000.0,5cbf57ecf1b3f84eb09ba781
256000000.0,381200000.0,Harry Potter / Deathly Hallows (P2),David Yates,7,1791800000.0,5cbf57ecf1b3f84eb09ba782
8199999.999999999,53700000.0,Hero,Zhang Yimou,16,131000000.0,5cbf57ecf1b3f84eb09ba783
30300000.0,82600000.0,Freddy Vs. Jason,Ronny Yu,5,151400000.0,5cbf57ecf1b3f84eb09ba784
107200000.0,165200000.0,Kung Fu Panda 2,Jennifer Yuh Nelson,3,321500000.0,5cbf57ecf1b3f84eb09ba785
21800000.0,21800000.0,The Big Wedding,Justin Zackham,1,21800000.0,5cbf57ecf1b3f84eb09ba786
23700000.0,56700000.0,A Civil Action,Steven Zaillian,3,71200000.0,5cbf57ecf1b3f84eb09ba787
12800000.0,12800000.0,Beasts of the Southern Wild,Benh Zeitlin,1,12800000.0,5cbf57ecf1b3f84eb09ba788
110800000.0,330300000.0,Forrest Gump,Robert Zemeckis,19,2104300000.0000002,5cbf57ecf1b3f84eb09ba789
20500000.0,58300000.0,Halloween (2007),Rob Zombie,6,123300000.0,5cbf57ecf1b3f84eb09ba78a
57200000.0,110000000.0,Scary Movie 3,David Zucker,10,571500000.0,5cbf57ecf1b3f84eb09ba78b
81200000.0,217600000.0,Ghost,Jerry Zucker,6,487400000.0,5cbf57ecf1b3f84eb09ba78c
59600000.0,176600000.0,The Karate Kid,Harald Zwart,5,297900000.0,5cbf57ecf1b3f84eb09ba78d
43700000.0,111100000.0,The Last Samurai,Edward Zwick,12,524299999.99999994,5cbf57ecf1b3f84eb09ba78e
